name,type,parent,,
Alachua,county,,,
Baker,county,,,
Bay,county,,,
Bradford,county,,,
Brevard,county,,,
Broward,county,,,
Calhoun,county,,,
Charlotte,county,,,
Citrus,county,,,
Clay,county,,,
Collier,county,,,
Columbia,county,,,
Desoto,county,,,
Dixie,county,,,
Duval,county,,,
Escambia,county,,,
Flagler,county,,,
Franklin,county,,,
Gadsden,county,,,
Gilchrist,county,,,
Glades,county,,,
Gulf,county,,,
Hamilton,county,,,
Hardee,county,,,
Hendry,county,,,
Hernando,county,,,
Highlands,county,,,
Hillsborough,county,,,
Holmes,county,,,
Indian River,county,,,
Jackson,county,,,
Jefferson,county,,,
Lafayette,county,,,
Lake,county,,,
Lee,county,,,
Leon,county,,,
Levy,county,,,
Liberty,county,,,
Madison,county,,,
Manatee,county,,,
Marion,county,,,
Martin,county,,,
Miami-Dade,county,,,
Monroe,county,,,
Nassau,county,,,
Okaloosa,county,,,
Okeechobee,county,,,
Orange,county,,,
Osceola,county,,,
Palm Beach,county,,,
Pasco,county,,,
Pinellas,county,,,
Polk,county,,,
Putnam,county,,,
Saint Johns,county,,,
Saint Lucie,county,,,
Santa Rosa,county,,,
Sarasota,county,,,
Seminole,county,,,
Sumter,county,,,
Suwannee,county,,,
Taylor,county,,,
Union,county,,,
Volusia,county,,,
Wakulla,county,,,
Walton,county,,,
Washington,county,,,
Alachua,city,Alachua,,
Archer,city,Alachua,,
Arredondo,city,Alachua,,
Beckhamtown,city,Alachua,,
Beville Heights,city,Alachua,,
Bland,city,Alachua,,
Buckingham West,city,Alachua,,
Buda,city,Alachua,,
Buenaventura Lakes,city,Alachua,,
Burnetts Lake,city,Alachua,,
Cadillac,city,Alachua,,
Campville,city,Alachua,,
Chantilly Acres,city,Alachua,,
Clark,city,Alachua,,
Copeland Settlement,city,Alachua,,
Cross Creek,city,Alachua,,
Daysville,city,Alachua,,
Durant Estates,city,Alachua,,
Earleton,city,Alachua,,
Evinston,city,Alachua,,
Fairbanks,city,Alachua,,
Forest Grove,city,Alachua,,
Gainesville,city,Alachua,,
Grove Park,city,Alachua,,
Hague,city,Alachua,,
Haile,city,Alachua,,
Hainesworth,city,Alachua,,
Half Moon,city,Alachua,,
Hasan,city,Alachua,,
Hawthorne,city,Alachua,,
High Springs,city,Alachua,,
Island Grove,city,Alachua,,
Jonesville,city,Alachua,,
Kanapaha,city,Alachua,,
Kincaid Hills,city,Alachua,,
Kirkwood,city,Alachua,,
La Crosse,city,Alachua,,
Lincoln Estates,city,Alachua,,
Lochloosa,city,Alachua,,
Los Trancos Woods,city,Alachua,,
Louise,city,Alachua,,
Micanopy,city,Alachua,,
Micanopy Junction,city,Alachua,,
Monteocha,city,Alachua,,
Newberry,city,Alachua,,
Newnans Lake,city,Alachua,,
Northwood,city,Alachua,,
Orange Heights,city,Alachua,,
Paradise,city,Alachua,,
Peach Orchard,city,Alachua,,
Phifer,city,Alachua,,
Pine Hill Estates,city,Alachua,,
Pinesville,city,Alachua,,
Rex,city,Alachua,,
Robinson Heights,city,Alachua,,
Rochelle,city,Alachua,,
Rocky Point,city,Alachua,,
Rutledge,city,Alachua,,
Santa Fe,city,Alachua,,
Santa Fe Beach,city,Alachua,,
Shadow Lawn Estates,city,Alachua,,
Shannon Wood,city,Alachua,,
Shenks,city,Alachua,,
Spring Hill,city,Alachua,,
Suburban Heights,city,Alachua,,
Tacoma,city,Alachua,,
Traxler,city,Alachua,,
Wacahoota,city,Alachua,,
Wade,city,Alachua,,
Waldo,city,Alachua,,
West Hills,city,Alachua,,
Wimberly Estates,city,Alachua,,
Windsor,city,Alachua,,
Baxter,city,Baker,,
Bessent,city,Baker,,
Eddy,city,Baker,,
Glen Saint Mary,city,Baker,,
Kenny,city,Baker,,
LaBuena,city,Baker,,
Macclenny,city,Baker,,
Manning,city,Baker,,
Manns Spur,city,Baker,,
Margaretta,city,Baker,,
McPherson,city,Baker,,
Olustee,city,Baker,,
Pine Top,city,Baker,,
Sanderson,city,Baker,,
Sapp,city,Baker,,
Sargent,city,Baker,,
Steckert,city,Baker,,
Taylor,city,Baker,,
Allanton,city,Bay,,
Bahama Beach,city,Bay,,
Baker,city,Bay,,
Bay Harbor,city,Bay,,
Bayhead,city,Bay,,
Bayou George,city,Bay,,
Bayview,city,Bay,,
Beacon Beach,city,Bay,,
Bennett,city,Bay,,
Betts,city,Bay,,
Bid-A-Wee,city,Bay,,
Biltmore Beach,city,Bay,,
Brannonville,city,Bay,,
Cairo,city,Bay,,
Callaway,city,Bay,,
Cedar Grove,city,Bay,,
Cove,city,Bay,,
Cromanton,city,Bay,,
Delwood Beach,city,Bay,,
Dirego Park,city,Bay,,
Econfina,city,Bay,,
Edgewater Gulf Beach,city,Bay,,
Farmdale,city,Bay,,
Florida Beach,city,Bay,,
Fountain,city,Bay,,
Glenwood,city,Bay,,
Gulf Lagoon Beach,city,Bay,,
Gulf Resort Beach,city,Bay,,
Hiland Park,city,Bay,,
Hollywood Beach,city,Bay,,
Laguna Beach,city,Bay,,
Laird,city,Bay,,
Long Beach Resort,city,Bay,,
Long Point,city,Bay,,
Lower Grand Lagoon,city,Bay,,
Lynn Haven,city,Bay,,
Magnolia Beach,city,Bay,,
Majette,city,Bay,,
Mexico Beach,city,Bay,,
Millville,city,Bay,,
Nixon,city,Bay,,
Old Callaway,city,Bay,,
Open Sands,city,Bay,,
Panama City,city,Bay,,
Panama City Beach,city,Bay,,
Parker,city,Bay,,
Pine Log,city,Bay,,
Pretty Bayou,city,Bay,,
Resota Beach,city,Bay,,
San Blas,city,Bay,,
Saunders,city,Bay,,
Seminole Hills,city,Bay,,
Southport,city,Bay,,
Springfield,city,Bay,,
Sunnyside,city,Bay,,
Upper Grand Lagoon,city,Bay,,
Vicksburg,city,Bay,,
West Bay,city,Bay,,
West Panama City Beach,city,Bay,,
Youngstown,city,Bay,,
Brooker,city,Bradford,,
Clayno,city,Bradford,,
Graham,city,Bradford,,
Hampton,city,Bradford,,
Hampton Beach,city,Bradford,,
Heilbronn,city,Bradford,,
Lawtey,city,Bradford,,
New River,city,Bradford,,
Sampson,city,Bradford,,
Saxton,city,Bradford,,
Starke,city,Bradford,,
Theressa,city,Bradford,,
Allenhurst,city,Brevard,,
Angel City,city,Brevard,,
Audubon,city,Brevard,,
Aurantia,city,Brevard,,
Aurora,city,Brevard,,
Ballard Pines,city,Brevard,,
Bellwood,city,Brevard,,
Bonaventure,city,Brevard,,
Canova Beach,city,Brevard,,
Cape Canaveral,city,Brevard,,
City Point,city,Brevard,,
Cocoa,city,Brevard,,
Cocoa Beach,city,Brevard,,
Cocoa West,city,Brevard,,
Courtenay,city,Brevard,,
Delespine,city,Brevard,,
Dummit Grove,city,Brevard,,
East Mims,city,Brevard,,
Eau Gallie,city,Brevard,,
Floridana Beach,city,Brevard,,
Footman,city,Brevard,,
Frontenac,city,Brevard,,
Georgiana,city,Brevard,,
Grant,city,Brevard,,
Indialantic,city,Brevard,,
Indian Harbour Beach,city,Brevard,,
Indian River City,city,Brevard,,
Indianola,city,Brevard,,
Jay Jay,city,Brevard,,
June Park,city,Brevard,,
La Grange,city,Brevard,,
Lotus,city,Brevard,,
Malabar,city,Brevard,,
Melbourne,city,Brevard,,
Melbourne Beach,city,Brevard,,
Melbourne Village,city,Brevard,,
Merrit Island,city,Brevard,,
Micco,city,Brevard,,
Mims,city,Brevard,,
Mintons Corner,city,Brevard,,
Orsino,city,Brevard,,
Palm Bay,city,Brevard,,
Palm Shores,city,Brevard,,
Pineda,city,Brevard,,
Port Saint John,city,Brevard,,
Rockledge,city,Brevard,,
Rockwell,city,Brevard,,
Satellite Beach,city,Brevard,,
Scottsmoor,city,Brevard,,
Sharpes,city,Brevard,,
Shiloh,city,Brevard,,
South Cocoa Beach,city,Brevard,,
South Patrick,city,Brevard,,
South Patrick Shores,city,Brevard,,
Southmere,city,Brevard,,
Titusville,city,Brevard,,
Tropic,city,Brevard,,
Turnbull,city,Brevard,,
Valkaria,city,Brevard,,
Viera,city,Brevard,,
West Eau Gallie,city,Brevard,,
West Melbourne,city,Brevard,,
Whispering Hills Golf Estates,city,Brevard,,
Wiley,city,Brevard,,
Williams Point,city,Brevard,,
Wilson,city,Brevard,,
Andytown,city,Broward,,
Arlington Park,city,Broward,,
Barwal,city,Broward,,
Bay Harbor,city,Broward,,
Beverly Beach,city,Broward,,
Birch Ocean Front,city,Broward,,
Bonnie Loch,city,Broward,,
Boulevard Gardens,city,Broward,,
Breezeswept Park Estates,city,Broward,,
Brentwood Estates,city,Broward,,
Broadview,city,Broward,,
Broadview Park,city,Broward,,
Broward Estates,city,Broward,,
Broward Gardens,city,Broward,,
Broward Highlands,city,Broward,,
Browardale,city,Broward,,
Carver Heights,city,Broward,,
Carver Ranches,city,Broward,,
Carver Village,city,Broward,,
Chula Vista Isles,city,Broward,,
Coconut Creek,city,Broward,,
Coconut Creek Park,city,Broward,,
College Park,city,Broward,,
Collier Park,city,Broward,,
Cooper City,city,Broward,,
Coral Estates,city,Broward,,
Coral Heights,city,Broward,,
Coral Hills,city,Broward,,
Coral Manor,city,Broward,,
Coral Ridge Isles,city,Broward,,
Coral Springs,city,Broward,,
Coral Woods,city,Broward,,
Country Club Isles,city,Broward,,
Crystal Lake,city,Broward,,
Cypress Harbor,city,Broward,,
Cypress Isles Estates,city,Broward,,
Dania Beach,city,Broward,,
Davie,city,Broward,,
Deerfield Beach,city,Broward,,
Driftwood Acres,city,Broward,,
East Gate Park,city,Broward,,
Eastway Park,city,Broward,,
Fair Gate,city,Broward,,
Fairlawn,city,Broward,,
Fern Crest Village,city,Broward,,
Flamingo Village,city,Broward,,
Floresta Estates,city,Broward,,
Fort Lauderdale,city,Broward,,
Franklin Park,city,Broward,,
Garden Isles,city,Broward,,
Golf Estates,city,Broward,,
Hacienda Village,city,Broward,,
Hallandale Beach,city,Broward,,
Hammondville,city,Broward,,
Harbor Beach,city,Broward,,
Harbor Heights,city,Broward,,
Harbor Village,city,Broward,,
High Ridge Estates,city,Broward,,
Hillsboro Beach,city,Broward,,
Hillsboro Pines,city,Broward,,
Hillsboro Ranches,city,Broward,,
Hollywood,city,Broward,,
Hollywood Beach Gardens,city,Broward,,
Hollywood Ridge Farms,city,Broward,,
Imperial Point,city,Broward,,
Jeneda Isles,city,Broward,,
Jessie Willies,city,Broward,,
Kendall Green,city,Broward,,
Lake Forest,city,Broward,,
Lakeview,city,Broward,,
Lauderdale Lakes,city,Broward,,
Lauderdale-by-the-Sea,city,Broward,,
Lauderhill,city,Broward,,
Lazy Lake,city,Broward,,
Leisureville,city,Broward,,
Lighthouse Point,city,Broward,,
Little Harbor on the Hillsboro,city,Broward,,
Loch Lomond,city,Broward,,
Margate,city,Broward,,
Margate Estates,city,Broward,,
Melrose Park,city,Broward,,
Miami Gardens,city,Broward,,
Middle River,city,Broward,,
Middle River Manor,city,Broward,,
Middle River Vista,city,Broward,,
Miramar,city,Broward,,
North Andrews Gardens,city,Broward,,
North Bal Harbor,city,Broward,,
North Lauderdale,city,Broward,,
North Pompano Beach,city,Broward,,
Nurmi Isles,city,Broward,,
Oak Point,city,Broward,,
Oakland Park,city,Broward,,
Ocean Vue,city,Broward,,
Palm Aire,city,Broward,,
Park Haven,city,Broward,,
Parkland,city,Broward,,
Pembroke Park,city,Broward,,
Pembroke Pines,city,Broward,,
Pine Island Ridge,city,Broward,,
Plantation,city,Broward,,
Plantation Gardens,city,Broward,,
Plantation Isles,city,Broward,,
Plantation Park,city,Broward,,
Playland Estates,city,Broward,,
Playland Isles,city,Broward,,
Playland Village,city,Broward,,
Pompano Beach,city,Broward,,
Pompano Beach Highlands,city,Broward,,
Pompano Estates,city,Broward,,
Pompano Isles,city,Broward,,
Pompano Park,city,Broward,,
Port Everglades,city,Broward,,
Port Everglades Junction,city,Broward,,
Port Laudania,city,Broward,,
Ravenswood Estates,city,Broward,,
Rio Vista Isles,city,Broward,,
Riverland,city,Broward,,
Rock Island,city,Broward,,
Rock Island Village,city,Broward,,
Ro-len Lake Gardens,city,Broward,,
Rolling Oaks,city,Broward,,
Roosevelt Gardens,city,Broward,,
Royal Palm Isles,city,Broward,,
Royal Palm Ranches,city,Broward,,
Royal Palms Park,city,Broward,,
Sabal Palms Estates,city,Broward,,
Saint George,city,Broward,,
Sanders Park,city,Broward,,
Santa Barbara Shores,city,Broward,,
Sea Ranch Lakes,city,Broward,,
Shorewood,city,Broward,,
Silver Shores,city,Broward,,
Soroka Shores,city,Broward,,
Southwest Ranches,city,Broward,,
Sun Swept Isles,city,Broward,,
Sunrise,city,Broward,,
Sunrise Heights,city,Broward,,
Sunrise Key,city,Broward,,
Sunshine Acres,city,Broward,,
Sunshine Park,city,Broward,,
Sunshine Ranches,city,Broward,,
Tamarac,city,Broward,,
Tedder,city,Broward,,
Terra Mar,city,Broward,,
The Cove,city,Broward,,
Twin Lakes,city,Broward,,
Utopia,city,Broward,,
Village Park,city,Broward,,
Washington Park,city,Broward,,
West Deerfield Beach,city,Broward,,
West Dixie Bend,city,Broward,,
West Hollywood,city,Broward,,
West Park,city,Broward,,
Westgate Lake Manor,city,Broward,,
Weston,city,Broward,,
Wilton Manors,city,Broward,,
Woodsetter North,city,Broward,,
Altha,city,Calhoun,,
Blountstown,city,Calhoun,,
Broad Branch,city,Calhoun,,
Chason,city,Calhoun,,
Chipola,city,Calhoun,,
Clarksville,city,Calhoun,,
Cox,city,Calhoun,,
Dickerson City,city,Calhoun,,
Durham,city,Calhoun,,
Fisher Corner,city,Calhoun,,
Frink,city,Calhoun,,
Henderson Mill,city,Calhoun,,
Kinard,city,Calhoun,,
Leonards,city,Calhoun,,
McNeal,city,Calhoun,,
New Hope,city,Calhoun,,
Ocheesee,city,Calhoun,,
Rollins Corner,city,Calhoun,,
Scotts Ferry,city,Calhoun,,
Selman,city,Calhoun,,
Sharpstown,city,Calhoun,,
Willis,city,Calhoun,,
Acline,city,Charlotte,,
Aqui Esta,city,Charlotte,,
Bermont,city,Charlotte,,
Cape Haze,city,Charlotte,,
Charlotte Harbor,city,Charlotte,,
Charlotte Park,city,Charlotte,,
Cleveland,city,Charlotte,,
El Jobean,city,Charlotte,,
Gilchrist,city,Charlotte,,
Grove City,city,Charlotte,,
Harbor View,city,Charlotte,,
Harbour Heights,city,Charlotte,,
Manasota Key,city,Charlotte,,
Morgantown,city,Charlotte,,
Murdock,city,Charlotte,,
New Point Comfort,city,Charlotte,,
Peace Shores River,city,Charlotte,,
Pirate Harbor,city,Charlotte,,
Placida,city,Charlotte,,
Port Charlotte,city,Charlotte,,
Punta Gorda,city,Charlotte,,
Punta Gorda Beach,city,Charlotte,,
Punta Gorda Isles,city,Charlotte,,
Ridge Harbor,city,Charlotte,,
Rotonda,city,Charlotte,,
Sans Souci,city,Charlotte,,
Solana,city,Charlotte,,
South Punta Gorda Heights,city,Charlotte,,
Tee and Green Estates,city,Charlotte,,
Tropical Gulf Acres,city,Charlotte,,
Tuckers Corner,city,Charlotte,,
Arlington,city,Citrus,,
Beverly Hills,city,Citrus,,
Black Diamond,city,Citrus,,
Catawba,city,Citrus,,
Chassahowitzka,city,Citrus,,
Citronelle,city,Citrus,,
Citrus Hills,city,Citrus,,
Citrus Springs,city,Citrus,,
Crystal River,city,Citrus,,
Cutlers,city,Citrus,,
Floral City,city,Citrus,,
Hernando,city,Citrus,,
Holder,city,Citrus,,
Homosassa,city,Citrus,,
Homosassa Springs,city,Citrus,,
Inverness,city,Citrus,,
Landrum,city,Citrus,,
Lecanto,city,Citrus,,
Ozello,city,Citrus,,
Paradise Point,city,Citrus,,
Pine Ridge,city,Citrus,,
Pineola,city,Citrus,,
Red Level,city,Citrus,,
Sugarmill woods,city,Citrus,,
Asbury Lake,city,Clay,,
Bellair,city,Clay,,
Belmore,city,Clay,,
Camp Echockotee,city,Clay,,
Doctors Inlet,city,Clay,,
Fellowship Park,city,Clay,,
Fleming Island,city,Clay,,
Green Cove Springs,city,Clay,,
Hibernia,city,Clay,,
Highland,city,Clay,,
Holly Point,city,Clay,,
Hugh,city,Clay,,
Keystone Heights,city,Clay,,
Kingsley,city,Clay,,
Kingsley Beach,city,Clay,,
Kingsley Village,city,Clay,,
Lake Geneva,city,Clay,,
Lakeside,city,Clay,,
Laurel Grove,city,Clay,,
Leno,city,Clay,,
Loch Lommond,city,Clay,,
Magnolia Springs,city,Clay,,
Meadowbrook Terrace,city,Clay,,
Middleburg,city,Clay,,
Neilhurst,city,Clay,,
North Meadowbrook Terrace,city,Clay,,
Oakleaf Plantation,city,Clay,,
Orange Park,city,Clay,,
Pass Station,city,Clay,,
Penney Farms,city,Clay,,
Rideout,city,Clay,,
Ridgewood,city,Clay,,
Russell,city,Clay,,
Walkill,city,Clay,,
West Tocoi,city,Clay,,
Belle Meade,city,Collier,,
Carnestown,city,Collier,,
Chokoloskee,city,Collier,,
Copeland,city,Collier,,
Corkscrew,city,Collier,,
East Naples,city,Collier,,
Everglades,city,Collier,,
Fakahatchee,city,Collier,,
Golden Gate,city,Collier,,
Goodland,city,Collier,,
Harker,city,Collier,,
Immokalee,city,Collier,,
Immokalee Reservation,city,Collier,,
Island Walk,city,Collier,,
Isles of Capri,city,Collier,,
Jerome,city,Collier,,
Lee Cypress,city,Collier,,
Lely,city,Collier,,
Lely Resort,city,Collier,,
Marco,city,Collier,,
Marco Island,city,Collier,,
Miles City,city,Collier,,
Naples,city,Collier,,
Naples Manor,city,Collier,,
Naples Park,city,Collier,,
North Naples,city,Collier,,
Ochopee,city,Collier,,
Old Grove,city,Collier,,
Old Marco Junction,city,Collier,,
Orangetree,city,Collier,,
Palm River,city,Collier,,
Palm River Estates,city,Collier,,
Pelican Bay,city,Collier,,
Pine Ridge,city,Collier,,
Plantation Island,city,Collier,,
Rock Island,city,Collier,,
Royal Palm Hammock,city,Collier,,
Shell Island,city,Collier,,
Sunniland,city,Collier,,
Trailtown,city,Collier,,
Turkey Foot,city,Collier,,
Vanderbilt Beach,city,Collier,,
Verona Walk,city,Collier,,
Vineyards,city,Collier,,
Wagon Wheel,city,Collier,,
Bass,city,Columbia,,
Benton,city,Columbia,,
Columbia,city,Columbia,,
Deep Creek,city,Columbia,,
Ellisville,city,Columbia,,
Fairview,city,Columbia,,
Five Points,city,Columbia,,
Fort White,city,Columbia,,
Greenfield,city,Columbia,,
Hollingsworth Bluff,city,Columbia,,
Lacymark,city,Columbia,,
Lake City,city,Columbia,,
Lulu,city,Columbia,,
Mason,city,Columbia,,
Mikesville,city,Columbia,,
Mount Carrie,city,Columbia,,
Myrtis,city,Columbia,,
Navair,city,Columbia,,
Newco,city,Columbia,,
Springville,city,Columbia,,
Suwannee Valley,city,Columbia,,
Watertown,city,Columbia,,
Wilburn,city,Columbia,,
Winfield,city,Columbia,,
Deer Park,city,Osceola,,
Arcadia,city,Desoto,,
Brownville,city,Desoto,,
Cubitis,city,Desoto,,
Fort Ogden,city,Desoto,,
Hull,city,Desoto,,
Joshua,city,Desoto,,
Lake Suzy,city,Desoto,,
Lansing,city,Desoto,,
Nocatee,city,Desoto,,
Pine Level,city,Desoto,,
Platt,city,Desoto,,
Southfort,city,Desoto,,
Cross City,city,Dixie,,
Eugene,city,Dixie,,
Hines,city,Dixie,,
Horseshoe Beach,city,Dixie,,
Jena,city,Dixie,,
Jonesboro,city,Dixie,,
Old Town,city,Dixie,,
Shamrock,city,Dixie,,
Shired Island,city,Dixie,,
Suwannee,city,Dixie,,
Yellow Jacket,city,Dixie,,
Arlington,city,Duval,,
Atlantic Beach,city,Duval,,
Avondale,city,Duval,,
Baldwin,city,Duval,,
Bayard,city,Duval,,
Beacon Hills,city,Duval,,
Beauclerc Manor,city,Duval,,
Beechwood,city,Duval,,
Beeghly Heights,city,Duval,,
Beverly Hills,city,Duval,,
Biltmore,city,Duval,,
Biscayne Village,city,Duval,,
Bowden,city,Duval,,
Brentwood,city,Duval,,
Brooklyn,city,Duval,,
Caleb,city,Duval,,
Cambon,city,Duval,,
Carver Manor,city,Duval,,
Cary,city,Duval,,
Cedar Hills,city,Duval,,
Cedar Hills Estates,city,Duval,,
Cedar Point,city,Duval,,
Center Park,city,Duval,,
Cosmo,city,Duval,,
Dames Point,city,Duval,,
Dames Point Manor,city,Duval,,
Deerwood Club,city,Duval,,
Dewey Park,city,Duval,,
Dinsmore,city,Duval,,
Donner,city,Duval,,
Dunn Creek,city,Duval,,
Duval,city,Duval,,
East Mandarin,city,Duval,,
Eastport,city,Duval,,
Eggleston Heights,city,Duval,,
Enchanted Park,city,Duval,,
Englewood,city,Duval,,
Fiftone,city,Duval,,
Floral Bluff,city,Duval,,
Fort Caroline,city,Duval,,
Fort George Island,city,Duval,,
Garden City,city,Duval,,
Gilmore,city,Duval,,
Goodbys,city,Duval,,
Grand Crossing,city,Duval,,
Grand Park,city,Duval,,
Greenfield,city,Duval,,
Greenland,city,Duval,,
Halsema,city,Duval,,
Harbor View,city,Duval,,
Hart Haven,city,Duval,,
Highlands,city,Duval,,
Hogan,city,Duval,,
Holiday Harbor,city,Duval,,
Holly Ford,city,Duval,,
Hyde Grove,city,Duval,,
Hyde Park,city,Duval,,
Isle of Palms,city,Duval,,
Isle of Palms South,city,Duval,,
Jacksonville,city,Duval,,
Jacksonville Beach,city,Duval,,
Jacksonville Heights,city,Duval,,
Lackawanna,city,Duval,,
Lake Forest,city,Duval,,
Lake Forest Hills,city,Duval,,
Lake Forest Manor,city,Duval,,
Lake Park Estates,city,Duval,,
Lake Shore,city,Duval,,
Lakewood,city,Duval,,
Langmar,city,Duval,,
Larsen,city,Duval,,
Loretto,city,Duval,,
Magnolia Gardens,city,Duval,,
Mandarin,city,Duval,,
Manhattan Beach,city,Duval,,
Marietta,city,Duval,,
Maxville,city,Duval,,
Mayport,city,Duval,,
Miramar Terrace,city,Duval,,
Murray Hill,city,Duval,,
Neptune Beach,city,Duval,,
New Berlin,city,Duval,,
Newcastle,city,Duval,,
Normandy,city,Duval,,
Normandy Village,city,Duval,,
North Oak Hill,city,Duval,,
North Shore,city,Duval,,
Oak Harbor,city,Duval,,
Oak Hill,city,Duval,,
Oak Hill Park,city,Duval,,
Oakwood Villa,city,Duval,,
Oceanway,city,Duval,,
Ortega,city,Duval,,
Ortega Farms,city,Duval,,
Ortega Forest,city,Duval,,
Ortega Terrace,city,Duval,,
Otis,city,Duval,,
Pablo Keys,city,Duval,,
Panama Park,city,Duval,,
Pearl Court,city,Duval,,
Pecan Park,city,Duval,,
Pickettville,city,Duval,,
Plummer,city,Duval,,
Polly Town,city,Duval,,
Quinlan,city,Duval,,
Ribault Manor,city,Duval,,
Riverside,city,Duval,,
Riverview,city,Duval,,
Royal Terrace,city,Duval,,
Saint Johns Park,city,Duval,,
Saint Nicholas,city,Duval,,
San Jose,city,Duval,,
San Jose Forest,city,Duval,,
San Marco,city,Duval,,
San Mateo,city,Duval,,
San Pablo,city,Duval,,
Sandalwood,city,Duval,,
Sans Pariel,city,Duval,,
Shady Rest,city,Duval,,
Sherwood Forest,city,Duval,,
South Jacksonville,city,Duval,,
South Metro,city,Duval,,
Southridge,city,Duval,,
Southside Estates,city,Duval,,
Spaulding,city,Duval,,
Spring Glen,city,Duval,,
Springfield,city,Duval,,
Stockade,city,Duval,,
Sunbeam,city,Duval,,
Sweetwater,city,Duval,,
Talleyrand,city,Duval,,
Tisonia,city,Duval,,
Venetia,city,Duval,,
Venetia Terrace,city,Duval,,
Wesconnett,city,Duval,,
West Jacksonville,city,Duval,,
Westwood,city,Duval,,
Whitehouse,city,Duval,,
Wonderwood,city,Duval,,
Yellow Bluff Fort,city,Duval,,
Yukon,city,Duval,,
Barrineau Park,city,Escambia,,
Barth,city,Escambia,,
Bay Springs,city,Escambia,,
Beach Haven,city,Escambia,,
Bellview,city,Escambia,,
Beulah,city,Escambia,,
Bluff Springs,city,Escambia,,
Bogia,city,Escambia,,
Bohemia,city,Escambia,,
Bratt,city,Escambia,,
Brent,city,Escambia,,
Brickton,city,Escambia,,
Brownsville,city,Escambia,,
Byrneville,city,Escambia,,
Cantonment,city,Escambia,,
Century,city,Escambia,,
Cottage Hill,city,Escambia,,
East Pensacola Heights,city,Escambia,,
Enon,city,Escambia,,
Ensley,city,Escambia,,
Farm Hill,city,Escambia,,
Ferry Pass,city,Escambia,,
Fort Pickens,city,Escambia,,
Gaberonne,city,Escambia,,
Gandyville,city,Escambia,,
Gonzalez,city,Escambia,,
Goulding,city,Escambia,,
Gulf Beach Heights,city,Escambia,,
Happy Valley,city,Escambia,,
McDavid,city,Escambia,,
McKinnon,city,Escambia,,
Millview,city,Escambia,,
Molino,city,Escambia,,
Molino Crossroads,city,Escambia,,
Muscogee,city,Escambia,,
Myrtle Grove,city,Escambia,,
Navy Point,city,Escambia,,
Oak Grove,city,Escambia,,
Olive,city,Escambia,,
Paradise Beach,city,Escambia,,
Pensacola,city,Escambia,,
Pensacola Beach,city,Escambia,,
Perdido Bay,city,Escambia,,
Perdido Heights,city,Escambia,,
Perdido Key,city,Escambia,,
Pine Barren,city,Escambia,,
Pine Forest,city,Escambia,,
Pineville,city,Escambia,,
Pleasant Grove,city,Escambia,,
Quinavista,city,Escambia,,
Quintette,city,Escambia,,
Ramsey Beach,city,Escambia,,
Riverview,city,Escambia,,
Sanders Beach,city,Escambia,,
Seaglades,city,Escambia,,
Tenile,city,Escambia,,
Treasure Hill Park,city,Escambia,,
Villa Sabine,city,Escambia,,
Walnut Hill,city,Escambia,,
Warrington,city,Escambia,,
West Pensacola,city,Escambia,,
Yniestra,city,Escambia,,
Andalusia,city,Flagler,,
Beverly Beach,city,Flagler,,
Bimini,city,Flagler,,
Black Point,city,Flagler,,
Bon Terra,city,Flagler,,
Bunnell,city,Flagler,,
Codys Corner,city,Flagler,,
Deanville,city,Flagler,,
Dinner Island,city,Flagler,,
Dupont,city,Flagler,,
Espanola,city,Flagler,,
Favoretta,city,Flagler,,
Flagler Beach,city,Flagler,,
Korona,city,Flagler,,
Marineland,city,Flagler,,
Myrtle Island,city,Flagler,,
Neoga,city,Flagler,,
Painters Hill,city,Flagler,,
Palm Coast,city,Flagler,,
Relay,city,Flagler,,
Roy,city,Flagler,,
Saint Johns Park,city,Flagler,,
Shell Bluff,city,Flagler,,
Apalachicola,city,Franklin,,
Bay City,city,Franklin,,
Beverly,city,Franklin,,
Brickyard,city,Franklin,,
Carrabelle,city,Franklin,,
Carrabelle Beach,city,Franklin,,
Carrabelle Lighthouse,city,Franklin,,
Creels,city,Franklin,,
Eastpoint,city,Franklin,,
Eleven Mile,city,Franklin,,
Fort Gadsden,city,Franklin,,
Franklin,city,Franklin,,
Green Point,city,Franklin,,
Hays Place,city,Franklin,,
High Bluff,city,Franklin,,
Lanark Village,city,Franklin,,
Magnolia Bluffs,city,Franklin,,
McIntyre,city,Franklin,,
Morgan Place,city,Franklin,,
Nine Mile,city,Franklin,,
Saint George Island,city,Franklin,,
Saint Teresa,city,Franklin,,
Tilton,city,Franklin,,
Branchville,city,Gadsden,,
Chattahoochee,city,Gadsden,,
Concord,city,Gadsden,,
Darsey,city,Gadsden,,
Dogtown,city,Gadsden,,
Douglas City,city,Gadsden,,
Florence,city,Gadsden,,
Freemont,city,Gadsden,,
Gibson,city,Gadsden,,
Greensboro,city,Gadsden,,
Gretna,city,Gadsden,,
Hardaway,city,Gadsden,,
Hardin Heights,city,Gadsden,,
Havana,city,Gadsden,,
Hinson,city,Gadsden,,
Jamieson,city,Gadsden,,
Juniper,city,Gadsden,,
Lake View Point,city,Gadsden,,
Littman,city,Gadsden,,
Midway,city,Gadsden,,
Mount Pleasant,city,Gadsden,,
Oak Grove,city,Gadsden,,
Quincy,city,Gadsden,,
Rich Bay,city,Gadsden,,
River Junction,city,Gadsden,,
Rosedale,city,Gadsden,,
Santa Clara,city,Gadsden,,
Sawdust,city,Gadsden,,
Scotland,city,Gadsden,,
Shady Rest,city,Gadsden,,
Sycamore,city,Gadsden,,
Wetumpka,city,Gadsden,,
Bell,city,Gilchrist,,
Craggs,city,Gilchrist,,
Curtis,city,Gilchrist,,
Fanning Springs,city,Gilchrist,,
Little Lake City,city,Gilchrist,,
Lottieville,city,Gilchrist,,
Neals,city,Gilchrist,,
Spring Ridge,city,Gilchrist,,
Trenton,city,Gilchrist,,
Tyler,city,Gilchrist,,
Wannee,city,Gilchrist,,
Waters Lake,city,Gilchrist,,
Wilcox,city,Gilchrist,,
Wilcox Junction,city,Gilchrist,,
Williford,city,Gilchrist,,
Benbow,city,Glades,,
Buckhead Ridge,city,Glades,,
Fort Centre,city,Glades,,
Goodno,city,Glades,,
Hall City,city,Glades,,
Harrisburg,city,Glades,,
Lakeport,city,Glades,,
Liberty Point,city,Glades,,
Monkey Box,city,Glades,,
Moore Haven,city,Glades,,
Muce,city,Glades,,
Ortona,city,Glades,,
Palmdale,city,Glades,,
Sarasota Colony,city,Glades,,
Shawnee,city,Glades,,
Beacon Hill,city,Gulf,,
Dalkeith,city,Gulf,,
Gaskins Still,city,Gulf,,
Highland View,city,Gulf,,
Honeyville,city,Gulf,,
Indian Pass,city,Gulf,,
Iola,city,Gulf,,
Milltown,city,Gulf,,
Niles,city,Gulf,,
Oak Grove,city,Gulf,,
Odena,city,Gulf,,
Overstreet,city,Gulf,,
Port Saint Joe,city,Gulf,,
Ward Ridge,city,Gulf,,
Wewahitchka,city,Gulf,,
White City,city,Gulf,,
Adams,city,Hamilton,,
Avoca,city,Hamilton,,
Bakers Mill,city,Hamilton,,
Bellville,city,Hamilton,,
Blacks Still,city,Hamilton,,
Blue Springs,city,Hamilton,,
Camps Still,city,Hamilton,,
Cypress Creek,city,Hamilton,,
Facil,city,Hamilton,,
Genoa,city,Hamilton,,
Hillcoat,city,Hamilton,,
Jasper,city,Hamilton,,
Jennings,city,Hamilton,,
Kennedy Still,city,Hamilton,,
Long Branch,city,Hamilton,,
Marion,city,Hamilton,,
Octahatchee,city,Hamilton,,
Purvis Still,city,Hamilton,,
Rawls,city,Hamilton,,
West Lake,city,Hamilton,,
White Springs,city,Hamilton,,
Bowling Green,city,Hardee,,
Bridges,city,Hardee,,
Buchanan,city,Hardee,,
Coker,city,Hardee,,
Crewsville,city,Hardee,,
Fort Green,city,Hardee,,
Fort Green Springs,city,Hardee,,
Gardner,city,Hardee,,
Griffins Corner,city,Hardee,,
Kinsey,city,Hardee,,
Lemon Grove,city,Hardee,,
Lily,city,Hardee,,
Limestone,city,Hardee,,
Moffitt,city,Hardee,,
Oak Grove,city,Hardee,,
Ona,city,Hardee,,
Sweetwater,city,Hardee,,
Torrey,city,Hardee,,
Vandolah,city,Hardee,,
Wauchula,city,Hardee,,
Zolfo Springs,city,Hardee,,
Big Cypress Reservation,city,Hendry,,
Clewiston,city,Hendry,,
Denaud,city,Hendry,,
Felda,city,Hendry,,
Harlem,city,Hendry,,
Hooker Point,city,Hendry,,
Keri,city,Hendry,,
La Belle,city,Hendry,,
Montura,city,Hendry,,
Pioneer,city,Hendry,,
Port La Belle,city,Hendry,,
Sears,city,Hendry,,
South Clewiston,city,Hendry,,
Sugar Junction,city,Hendry,,
Sugarton,city,Hendry,,
Whidden Corner,city,Hendry,,
Alderman,city,Hernando,,
Ayers,city,Hernando,,
Bayport,city,Hernando,,
Berkeley,city,Hernando,,
Brookridge,city,Hernando,,
Brooksville,city,Hernando,,
Camps,city,Hernando,,
Conrock,city,Hernando,,
Cooglers Beach,city,Hernando,,
Croom,city,Hernando,,
Dixie,city,Hernando,,
Garden Grove,city,Hernando,,
Hernando Beach,city,Hernando,,
High Point,city,Hernando,,
Hill 'n Dale,city,Hernando,,
Istachatta,city,Hernando,,
Lake Lindsey,city,Hernando,,
Masaryktown,city,Hernando,,
Nobleton,city,Hernando,,
North Brooksville,city,Hernando,,
North Weeki Wachee,city,Hernando,,
Pine Island,city,Hernando,,
Powell,city,Hernando,,
Rerdell,city,Hernando,,
Richloam,city,Hernando,,
Ridge Manor,city,Hernando,,
Rital,city,Hernando,,
South Brooksville,city,Hernando,,
Spring Hill,city,Hernando,,
Spring Lake,city,Hernando,,
Timber Pines,city,Hernando,,
Weeki Wachee,city,Hernando,,
Weeki Wachee Acres,city,Hernando,,
Weeki Wachee Gardens,city,Hernando,,
Wiscon,city,Hernando,,
Alpine,city,Highlands,,
Archbold,city,Highlands,,
Avon Park,city,Highlands,,
Avon Park Lakes,city,Highlands,,
Bairs Den,city,Highlands,,
Bear Hollow,city,Highlands,,
Brighton,city,Highlands,,
Childs,city,Highlands,,
Cornwell,city,Highlands,,
De Soto City,city,Highlands,,
Fort Basinger,city,Highlands,,
Hen Scratch,city,Highlands,,
Hicoria,city,Highlands,,
Highland Lakes,city,Highlands,,
Highlands Park Estates,city,Highlands,,
Istokpoga,city,Highlands,,
Kuhlman,city,Highlands,,
Lake Placid,city,Highlands,,
Lakemont,city,Highlands,,
Lorida,city,Highlands,,
Marland,city,Highlands,,
Parker Island,city,Highlands,,
Placid Lakes,city,Highlands,,
Plains,city,Highlands,,
Sebring,city,Highlands,,
Sunvale,city,Highlands,,
Sylvan Shores,city,Highlands,,
Venus,city,Highlands,,
Wild Island,city,Highlands,,
Adamsville,city,Hillsborough,,
Antioch,city,Hillsborough,,
Apollo Beach,city,Hillsborough,,
Balm,city,Hillsborough,,
Bealsville,city,Hillsborough,,
Beattys Corner,city,Hillsborough,,
Bloomingdale,city,Hillsborough,,
Boyette,city,Hillsborough,,
Branchton,city,Hillsborough,,
Brandon,city,Hillsborough,,
Carrollwood,city,Hillsborough,,
Carrollwood Village,city,Hillsborough,,
Cheval,city,Hillsborough,,
Citrus Park,city,Hillsborough,,
Clair-Mel City,city,Hillsborough,,
Clarkwild,city,Hillsborough,,
Coronet,city,Hillsborough,,
Cosme,city,Hillsborough,,
Del Rio,city,Hillsborough,,
Dover,city,Hillsborough,,
Drew,city,Hillsborough,,
Durant,city,Hillsborough,,
East Lake,city,Hillsborough,,
East Tampa,city,Hillsborough,,
Edison,city,Hillsborough,,
Egypt Lake,city,Hillsborough,,
Fish Hawk,city,Hillsborough,,
Fort Lonesome,city,Hillsborough,,
Gardenville,city,Hillsborough,,
Gary,city,Hillsborough,,
Gibsonton,city,Hillsborough,,
Gulf City,city,Hillsborough,,
Harney,city,Hillsborough,,
Hopewell,city,Hillsborough,,
Jolly Corner,city,Hillsborough,,
Kennedy Hill,city,Hillsborough,,
Keystone,city,Hillsborough,,
Keysville,city,Hillsborough,,
Knights,city,Hillsborough,,
Lake Fern,city,Hillsborough,,
Lake Magdalene,city,Hillsborough,,
Leto,city,Hillsborough,,
Limona,city,Hillsborough,,
Lithia,city,Hillsborough,,
Lutz,city,Hillsborough,,
Mango,city,Hillsborough,,
Mango Hills,city,Hillsborough,,
Midway,city,Hillsborough,,
Moriczville,city,Hillsborough,,
Mount Enon,city,Hillsborough,,
Mullis City,city,Hillsborough,,
North Ruskin,city,Hillsborough,,
Northdale,city,Hillsborough,,
Nowatney,city,Hillsborough,,
Orient Park,city,Hillsborough,,
Palm River,city,Hillsborough,,
Palma Ceia,city,Hillsborough,,
Pebble Creek,city,Hillsborough,,
Pinecrest,city,Hillsborough,,
Plant City,city,Hillsborough,,
Pleasant Grove,city,Hillsborough,,
Port Sutton,city,Hillsborough,,
Port Tampa,city,Hillsborough,,
Progress Village,city,Hillsborough,,
Rattlesnake,city,Hillsborough,,
Remlap,city,Hillsborough,,
Riverview,city,Hillsborough,,
Rocky Creek,city,Hillsborough,,
Ruskin,city,Hillsborough,,
Seffner,city,Hillsborough,,
Shilow,city,Hillsborough,,
Sixmile Creek,city,Hillsborough,,
Snows Corner,city,Hillsborough,,
South Tampa,city,Hillsborough,,
Sulpher Springs,city,Hillsborough,,
Sun City,city,Hillsborough,,
Sun City Center,city,Hillsborough,,
Sydney,city,Hillsborough,,
Tampa,city,Hillsborough,,
Tarpon,city,Hillsborough,,
Temple Terrace,city,Hillsborough,,
Temple Terrace Junction,city,Hillsborough,,
Thonotosassa,city,Hillsborough,,
Town 'n' Country,city,Hillsborough,,
Trapnell,city,Hillsborough,,
Turkey Creek,city,Hillsborough,,
University,city,Hillsborough,,
Valrico,city,Hillsborough,,
Welcome,city,Hillsborough,,
West Chase,city,Hillsborough,,
West Park,city,Hillsborough,,
West Tampa,city,Hillsborough,,
Wimauma,city,Hillsborough,,
Ybor City,city,Hillsborough,,
Youmans,city,Hillsborough,,
Ards Crossroads,city,Holmes,,
Arrant Settlement,city,Holmes,,
Baker Settlement,city,Holmes,,
Barker Store,city,Holmes,,
Bethlehem,city,Holmes,,
Bonifay,city,Holmes,,
Cerrogordo,city,Holmes,,
Cobb Cross Roads,city,Holmes,,
Esto,city,Holmes,,
Gritney,city,Holmes,,
Hathaway Mill,city,Holmes,,
Hickory Hill,city,Holmes,,
Hobbs Crossroads,city,Holmes,,
Holland Crossroads,city,Holmes,,
Hoover Mill,city,Holmes,,
Hudson,city,Holmes,,
Izagora,city,Holmes,,
Leonia,city,Holmes,,
Miller Crossroads,city,Holmes,,
New Hope,city,Holmes,,
Noma,city,Holmes,,
Noma Junction,city,Holmes,,
Pittman,city,Holmes,,
Ponce de Leon,city,Holmes,,
Prosperity,city,Holmes,,
Royals Crossroads,city,Holmes,,
Smith Crossroads,city,Holmes,,
Westville,city,Holmes,,
Brookside,city,Indian River,,
Cummings,city,Indian River,,
Fellsmere,city,Indian River,,
Florida Ridge,city,Indian River,,
Gifford,city,Indian River,,
Indian River Shores,city,Indian River,,
Nevins,city,Indian River,,
North Beach,city,Indian River,,
Orchid,city,Indian River,,
Oslo,city,Indian River,,
Riomar,city,Indian River,,
Roseland,city,Indian River,,
Royal Poinciana Park,city,Indian River,,
Sebastian,city,Indian River,,
South Beach,city,Indian River,,
Vero Beach,city,Indian River,,
Vero Beach South,city,Indian River,,
Vero Lake Estates,city,Indian River,,
Wabasso,city,Indian River,,
Wabasso Beach,city,Indian River,,
West Vero Corridor,city,Indian River,,
Windsor,city,Indian River,,
Winter Beach,city,Indian River,,
Alford,city,Jackson,,
Alliance,city,Jackson,,
Bascom,city,Jackson,,
Browntown,city,Jackson,,
Campbellton,city,Jackson,,
Chipola Terrace,city,Jackson,,
Collins Mill,city,Jackson,,
Compass Lake,city,Jackson,,
Cottondale,city,Jackson,,
Cypress,city,Jackson,,
Dellwood,city,Jackson,,
Ellaville,city,Jackson,,
Glass,city,Jackson,,
Graceville,city,Jackson,,
Grand Ridge,city,Jackson,,
Greenwood,city,Jackson,,
Haynes,city,Jackson,,
Hornsville,city,Jackson,,
Inwood,city,Jackson,,
Jacob City,city,Jackson,,
Jacobs,city,Jackson,,
Kent Mill,city,Jackson,,
Kynesville,city,Jackson,,
Lovedale,city,Jackson,,
Malone,city,Jackson,,
Marianna,city,Jackson,,
Oakdale,city,Jackson,,
Parramore,city,Jackson,,
Rambo,city,Jackson,,
Richter Crossroads,city,Jackson,,
Rock Creek,city,Jackson,,
Round Lake,city,Jackson,,
Shady Grove,city,Jackson,,
Sills,city,Jackson,,
Simsville,city,Jackson,,
Sinai,city,Jackson,,
Sink Creek,city,Jackson,,
Sneads,city,Jackson,,
Steele City,city,Jackson,,
Two Egg,city,Jackson,,
Waddells Mill,city,Jackson,,
Alma,city,Jefferson,,
Ashville,city,Jefferson,,
Aucilla,city,Jefferson,,
Capps,city,Jefferson,,
Casa Blanco,city,Jefferson,,
Cody,city,Jefferson,,
Dills,city,Jefferson,,
Drifton,city,Jefferson,,
Fanlew,city,Jefferson,,
Festus,city,Jefferson,,
Fincher,city,Jefferson,,
Jarrett,city,Jefferson,,
Lamont,city,Jefferson,,
Limestone,city,Jefferson,,
Lloyd,city,Jefferson,,
Lois,city,Jefferson,,
Monticello,city,Jefferson,,
Montivilla,city,Jefferson,,
Nash,city,Jefferson,,
Thomas City,city,Jefferson,,
Wacissa,city,Jefferson,,
Waukeenah,city,Jefferson,,
Alton,city,Lafayette,,
Buckville,city,Lafayette,,
Chancey,city,Lafayette,,
Cooks Hammock,city,Lafayette,,
Day,city,Lafayette,,
Grady,city,Lafayette,,
Hatchbend,city,Lafayette,,
Mayo,city,Lafayette,,
Mayo Junction,city,Lafayette,,
Midway,city,Lafayette,,
Peterson,city,Lafayette,,
Townsend,city,Lafayette,,
Trail Center,city,Lafayette,,
Alexander Springs,city,Lake,,
Altoona,city,Lake,,
Astatula,city,Lake,,
Astor,city,Lake,,
Astor Park,city,Lake,,
Bassville Park,city,Lake,,
Bay Lake,city,Lake,,
Blue Lakes Ridge,city,Lake,,
Camp Ocala,city,Lake,,
Carlton Village,city,Lake,,
Cassia,city,Lake,,
Castle Hill,city,Lake,,
Chain O’ Lakes,city,Lake,,
Cisky Park,city,Lake,,
Clay Island,city,Lake,,
Clermont,city,Lake,,
Conant,city,Lake,,
Confer,city,Lake,,
Crows Bluff,city,Lake,,
Dalhousie Acres,city,Lake,,
Dona Vista,city,Lake,,
Dublin,city,Lake,,
Eldorado,city,Lake,,
Ellsworth Junction,city,Lake,,
Ethel,city,Lake,,
Eustis,city,Lake,,
Ferndale,city,Lake,,
Florida Hills,city,Lake,,
Forest Hills,city,Lake,,
Fort Mason,city,Lake,,
Four Corners,city,Lake,,
Fruitland Park,city,Lake,,
Fullerville,city,Lake,,
Grand Island,city,Lake,,
Groveland,city,Lake,,
Harbor Shores,city,Lake,,
Hawthorne,city,Lake,,
Howey Height,city,Lake,,
Howey-in-the-Hills,city,Lake,,
Johnsons Corner,city,Lake,,
Lady Lake,city,Lake,,
Lake Jem,city,Lake,,
Lake Kathryn,city,Lake,,
Lake Kathryn Heights,city,Lake,,
Lake Mack Park,city,Lake,,
Lane Park,city,Lake,,
Leesburg,city,Lake,,
Lisbon,city,Lake,,
Mascotte,city,Lake,,
Mid Florida Lakes,city,Lake,,
Minneola,city,Lake,,
Mohawk,city,Lake,,
Montclair,city,Lake,,
Montverde,city,Lake,,
Montverde Junction,city,Lake,,
Mosquito Grove,city,Lake,,
Mount Dora,city,Lake,,
Mount Homer,city,Lake,,
Mount Plymouth,city,Lake,,
Oakland Park,city,Lake,,
Okahumpka,city,Lake,,
Orange Bend,city,Lake,,
Orange Blossom,city,Lake,,
Orange Blossom Hills South,city,Lake,,
Orange Mountain,city,Lake,,
Paisley,city,Lake,,
Pine Hills,city,Lake,,
Pine Lakes,city,Lake,,
Pittman,city,Lake,,
Pumpkin Center,city,Lake,,
Reavills Corner,city,Lake,,
River Forest,city,Lake,,
Roan,city,Lake,,
Saint Francis,city,Lake,,
Seminole Springs,city,Lake,,
Seneca,city,Lake,,
Silver Beach Heights,city,Lake,,
Silver Lake,city,Lake,,
Skytop,city,Lake,,
Slones Ridge,city,Lake,,
Sorrento,city,Lake,,
South Clermont,city,Lake,,
South Pine Lakes,city,Lake,,
Sunnyside,city,Lake,,
Tavares,city,Lake,,
Tuscannoga,city,Lake,,
Umatilla,city,Lake,,
Waits Junction,city,Lake,,
Wekiva,city,Lake,,
Whitney,city,Lake,,
Yalaha,city,Lake,,
Alva,city,Lee,,
Bayshore,city,Lee,,
Bayshore Manor,city,Lee,,
Biggar,city,Lee,,
Boca Grande,city,Lee,,
Bokeelia,city,Lee,,
Bonita Shores,city,Lee,,
Bonita Springs,city,Lee,,
Buckingham,city,Lee,,
Burnt Store Marina,city,Lee,,
Cape Coral,city,Lee,,
Captiva,city,Lee,,
Charleston Park,city,Lee,,
Coconut,city,Lee,,
Council,city,Lee,,
Cypress Lake,city,Lee,,
Estero,city,Lee,,
Flamingo Bay,city,Lee,,
Forest Island Park,city,Lee,,
Fort Myers,city,Lee,,
Fort Myers Beach,city,Lee,,
Fort Myers Shores,city,Lee,,
Fort Myers Villas,city,Lee,,
Gasparilla,city,Lee,,
Gateway,city,Lee,,
Harlem Heights,city,Lee,,
Iona,city,Lee,,
Lehigh Acres,city,Lee,,
Lochmoor Waterway Estates,city,Lee,,
Matlacha,city,Lee,,
Matlacha Isles,city,Lee,,
Matlacha Shores,city,Lee,,
McGregor,city,Lee,,
Morse Shores,city,Lee,,
North Fort Myers,city,Lee,,
Olga,city,Lee,,
Page Park,city,Lee,,
Palmona Park,city,Lee,,
Pine Island Center,city,Lee,,
Pine Manor,city,Lee,,
Pineland,city,Lee,,
Port Boca Grande,city,Lee,,
Punta Rassa,city,Lee,,
Saint James City,city,Lee,,
Salvista,city,Lee,,
San Carlos Park,city,Lee,,
Sanibel,city,Lee,,
Shell Point Village,city,Lee,,
Slater,city,Lee,,
Suncoast Estates,city,Lee,,
Telegraph Estates,city,Lee,,
Three Oaks,city,Lee,,
Tice,city,Lee,,
Truckland,city,Lee,,
Villas,city,Lee,,
Whiskey Creek,city,Lee,,
Wulfert,city,Lee,,
Ybel,city,Lee,,
Baum,city,Leon,,
Belair,city,Leon,,
Bellwood Estates,city,Leon,,
Black Creek,city,Leon,,
Blocker,city,Leon,,
Bloxham,city,Leon,,
Bradfordville,city,Leon,,
Bridle Path Acres,city,Leon,,
Capitola,city,Leon,,
Centerville,city,Leon,,
Chaires,city,Leon,,
Concord,city,Leon,,
El Destinado,city,Leon,,
Felkel,city,Leon,,
Four Points,city,Leon,,
Gardner,city,Leon,,
Harbinwood Estates,city,Leon,,
Helen,city,Leon,,
Holland,city,Leon,,
Homestead Ridge,city,Leon,,
Iamonia,city,Leon,,
Jackson Bluff,city,Leon,,
Lafayette,city,Leon,,
Lake Jackson,city,Leon,,
Lutterloh,city,Leon,,
Meridian,city,Leon,,
Miccosukee,city,Leon,,
Norfleet,city,Leon,,
Oak Knoll Estates,city,Leon,,
Ochlockonee,city,Leon,,
Peck,city,Leon,,
Perkins,city,Leon,,
Rose,city,Leon,,
Saint Peter,city,Leon,,
Spring Hill,city,Leon,,
Tallahassee,city,Leon,,
Wadesboro,city,Leon,,
Ward,city,Leon,,
Woodville,city,Leon,,
Andrews,city,Levy,,
Beetree Ford,city,Levy,,
Bronson,city,Levy,,
Cedar Key,city,Levy,,
Chiefland,city,Levy,,
Crackertown,city,Levy,,
East Bronson,city,Levy,,
East Williston,city,Levy,,
Ellzey,city,Levy,,
Fanning Springs,city,Levy,,
Fowlers Bluff,city,Levy,,
Gulf Hammock,city,Levy,,
Hardeetown,city,Levy,,
Hodgson,city,Levy,,
Inglis,city,Levy,,
Manatee Road,city,Levy,,
Merediths,city,Levy,,
Montbrook,city,Levy,,
Morriston,city,Levy,,
Otter Creek,city,Levy,,
Port Inglis,city,Levy,,
Raleigh,city,Levy,,
Rosewood,city,Levy,,
Sumner,city,Levy,,
Tidewater,city,Levy,,
Usher,city,Levy,,
Vista,city,Levy,,
Williston,city,Levy,,
Williston Highlands,city,Levy,,
Yankeetown,city,Levy,,
Bon Ami,city,Liberty,,
Bristol,city,Liberty,,
Central City,city,Liberty,,
Clio,city,Liberty,,
Conners Ford,city,Liberty,,
Estiffanulga,city,Liberty,,
Fawn Ford,city,Liberty,,
Hosford,city,Liberty,,
Kern,city,Liberty,,
Lake Mystic,city,Liberty,,
Lewis,city,Liberty,,
Liberty,city,Liberty,,
Lowry,city,Liberty,,
Orange,city,Liberty,,
Rock Bluff,city,Liberty,,
Sumatra,city,Liberty,,
Sweetwater,city,Liberty,,
Telogia,city,Liberty,,
Twin Pole,city,Liberty,,
Vilas,city,Liberty,,
White Springs,city,Liberty,,
Wilma,city,Liberty,,
Woods,city,Liberty,,
Bailey,city,Madison,,
Cherry Lake,city,Madison,,
Dennet,city,Madison,,
Ebb,city,Madison,,
Greenville,city,Madison,,
Hamburg,city,Madison,,
Hanson,city,Madison,,
Hopewell,city,Madison,,
Lee,city,Madison,,
Leland,city,Madison,,
Lovett,city,Madison,,
Madison,city,Madison,,
Maysland,city,Madison,,
Pinetta,city,Madison,,
Sirmans,city,Madison,,
Spray,city,Madison,,
Stern,city,Madison,,
Anna Maria,city,Manatee,,
Ballantine Manor,city,Manatee,,
Bayshore Gardens,city,Manatee,,
Bethany,city,Manatee,,
Braden Castle,city,Manatee,,
Bradenton,city,Manatee,,
Bradenton Beach,city,Manatee,,
Cedar Hammock,city,Manatee,,
Cortez,city,Manatee,,
Duette,city,Manatee,,
Eastgate,city,Manatee,,
Edgeville,city,Manatee,,
Ellenton,city,Manatee,,
Elwood Park,city,Manatee,,
Fort Hamer,city,Manatee,,
Foxleigh,city,Manatee,,
Gillette,city,Manatee,,
Holmes Beach,city,Manatee,,
Ilexhurst,city,Manatee,,
Keentown,city,Manatee,,
Lakewood Ranch,city,Manatee,,
Longbeach,city,Manatee,,
Longboat Key,city,Manatee,,
Lorraine,city,Manatee,,
Manatee,city,Manatee,,
Manhattan,city,Manatee,,
Matoaka,city,Manatee,,
Memphis,city,Manatee,,
Memphis Heights,city,Manatee,,
Myakka City,city,Manatee,,
Myakka Head,city,Manatee,,
Oak Knoll,city,Manatee,,
Oneco,city,Manatee,,
Palm View,city,Manatee,,
Palma Sola,city,Manatee,,
Palma Sola Park,city,Manatee,,
Palmetto,city,Manatee,,
Parmalee,city,Manatee,,
Parrish,city,Manatee,,
Piney Point,city,Manatee,,
Rubonia,city,Manatee,,
Rye,city,Manatee,,
Samoset,city,Manatee,,
Sandy,city,Manatee,,
South Bradenton,city,Manatee,,
Tallevast,city,Manatee,,
Terra Ceia,city,Manatee,,
Terra Mana,city,Manatee,,
Trailer Estates,city,Manatee,,
Verna,city,Manatee,,
Waterbury,city,Manatee,,
West Bradenton,city,Manatee,,
West Samoset,city,Manatee,,
Whitfield,city,Manatee,,
Whitfield Estates,city,Manatee,,
Whitney Beach,city,Manatee,,
Willow,city,Manatee,,
Anthony,city,Marion,,
Bay Lake,city,Marion,,
Belleview,city,Marion,,
Belleview Heights,city,Marion,,
Blitchton,city,Marion,,
Boardman,city,Marion,,
Bruceville,city,Marion,,
Burbank,city,Marion,,
Camp Roosevelt,city,Marion,,
Candler,city,Marion,,
Cedar Creek,city,Marion,,
Chatmire,city,Marion,,
Citra,city,Marion,,
Conner,city,Marion,,
Dallas,city,Marion,,
Danks Corner,city,Marion,,
Dunnellon,city,Marion,,
Early Bird,city,Marion,,
East Lake Weir,city,Marion,,
Electra,city,Marion,,
Eureka,city,Marion,,
Fairfield,city,Marion,,
Fellowship,city,Marion,,
Flemington,city,Marion,,
Fort McCoy,city,Marion,,
Grahamsville,city,Marion,,
Hog Valley,city,Marion,,
Hoyt,city,Marion,,
Irvine,city,Marion,,
Kendrick,city,Marion,,
Kerr City,city,Marion,,
Lacota,city,Marion,,
Lake Weir,city,Marion,,
Leroy,city,Marion,,
Lowell,city,Marion,,
Lynne,city,Marion,,
Marion Oaks,city,Marion,,
Martel,city,Marion,,
Martin,city,Marion,,
McIntosh,city,Marion,,
Millwood,city,Marion,,
Monroes Corner,city,Marion,,
Montague,city,Marion,,
Moss Bluff,city,Marion,,
Mount Olive,city,Marion,,
Oak,city,Marion,,
Ocala,city,Marion,,
Ocala Ridge,city,Marion,,
Ocklawaha,city,Marion,,
Orange Blossom Hills,city,Marion,,
Orange Lake,city,Marion,,
Orange Springs,city,Marion,,
Pedro,city,Marion,,
Point Pleasant,city,Marion,,
Rainbow Falls,city,Marion,,
Reddick,city,Marion,,
Rocksprings,city,Marion,,
Romeo,city,Marion,,
Ross Prarie,city,Marion,,
Salt Springs,city,Marion,,
Santos,city,Marion,,
Shady,city,Marion,,
Silver Springs,city,Marion,,
Silver Springs Shores,city,Marion,,
Sparr,city,Marion,,
Stanton,city,Marion,,
Starkes Ferry,city,Marion,,
Summerfield,city,Marion,,
Sunset Harbor,city,Marion,,
Weirsdale,city,Marion,,
York,city,Marion,,
Zuber,city,Marion,,
Arundel,city,Martin,,
Bessemer,city,Martin,,
Blowing Rocks,city,Martin,,
Bluefield,city,Martin,,
Coral Gardens,city,Martin,,
Golden Gate,city,Martin,,
Gomez,city,Martin,,
Hell Gate,city,Martin,,
Hobe Sound,city,Martin,,
Indiantown,city,Martin,,
Jensen Beach,city,Martin,,
Jupiter Island,city,Martin,,
Lighthouse Point,city,Martin,,
Marcy,city,Martin,,
North River Shores,city,Martin,,
Ocean Breeze Park,city,Martin,,
Palm City,city,Martin,,
Port Mayaca,city,Martin,,
Port Salerno,city,Martin,,
Port Sewall,city,Martin,,
Rio,city,Martin,,
Seminole Shores,city,Martin,,
Sewall's Point,city,Martin,,
Snug Harbor,city,Martin,,
Stuart,city,Martin,,
Zana,city,Martin,,
Aladdin City,city,Miami-Dade,,
Alameda,city,Miami-Dade,,
Allapattah,city,Miami-Dade,,
Andover,city,Miami-Dade,,
Andover Golf Estates,city,Miami-Dade,,
Andover Lakes Estates,city,Miami-Dade,,
Atlantic Heights,city,Miami-Dade,,
Aventura,city,Miami-Dade,,
Bal Harbour,city,Miami-Dade,,
Bay Harbor Islands,city,Miami-Dade,,
Bay Heights,city,Miami-Dade,,
Bayshore,city,Miami-Dade,,
Biscayne Gardens,city,Miami-Dade,,
Biscayne Park,city,Miami-Dade,,
Brickell Hammock,city,Miami-Dade,,
Brownsville,city,Miami-Dade,,
Buena Vista,city,Miami-Dade,,
Bunche Park,city,Miami-Dade,,
Carol City,city,Miami-Dade,,
Coconut Grove,city,Miami-Dade,,
Coopertown,city,Miami-Dade,,
Coral Gables,city,Miami-Dade,,
Coral Terrace,city,Miami-Dade,,
Coral Way Village,city,Miami-Dade,,
Country Club,city,Miami-Dade,,
Country Walk,city,Miami-Dade,,
Cutler,city,Miami-Dade,,
Cutler Bay,city,Miami-Dade,,
Cutler Ridge,city,Miami-Dade,,
Deering Bay,city,Miami-Dade,,
Doral,city,Miami-Dade,,
East Perrine,city,Miami-Dade,,
Eastern Shores,city,Miami-Dade,,
Edison Center,city,Miami-Dade,,
El Portal,city,Miami-Dade,,
Fisher Island,city,Miami-Dade,,
Flagami,city,Miami-Dade,,
Florida City,city,Miami-Dade,,
Fortymile Bend,city,Miami-Dade,,
Fountainbleau,city,Miami-Dade,,
Franjo,city,Miami-Dade,,
Frog City,city,Miami-Dade,,
Gables by the Sea,city,Miami-Dade,,
Gables Estates,city,Miami-Dade,,
Gladeview,city,Miami-Dade,,
Glenvar Heights,city,Miami-Dade,,
Glenwood Heights,city,Miami-Dade,,
Golden Beach,city,Miami-Dade,,
Golden Glades,city,Miami-Dade,,
Goulds,city,Miami-Dade,,
Green-Mar Acres,city,Miami-Dade,,
Hawley Heights,city,Miami-Dade,,
Hialeah,city,Miami-Dade,,
Hialeah Estates,city,Miami-Dade,,
Hialeah Gardens,city,Miami-Dade,,
Highland Lakes,city,Miami-Dade,,
Homestead,city,Miami-Dade,,
Homestead Base,city,Miami-Dade,,
Howard,city,Miami-Dade,,
Indian Creek,city,Miami-Dade,,
Inlikita,city,Miami-Dade,,
Islandia,city,Miami-Dade,,
Isle of Normandy,city,Miami-Dade,,
Ives Estates,city,Miami-Dade,,
Kendale Lakes,city,Miami-Dade,,
Kendall,city,Miami-Dade,,
Kendall West,city,Miami-Dade,,
Key Biscayne,city,Miami-Dade,,
Keystone Islands,city,Miami-Dade,,
Kings Bay,city,Miami-Dade,,
Lake Lucerne,city,Miami-Dade,,
Lakes by the Bay,city,Miami-Dade,,
Leisure City,city,Miami-Dade,,
Lemon City,city,Miami-Dade,,
Liberty Square,city,Miami-Dade,,
Lindgren,city,Miami-Dade,,
Lindgren Acres,city,Miami-Dade,,
Little River,city,Miami-Dade,,
Ludlam,city,Miami-Dade,,
Mart Law Seminole Village,city,Miami-Dade,,
Medley,city,Miami-Dade,,
Miami,city,Miami-Dade,,
Miami Beach,city,Miami-Dade,,
Miami Gardens,city,Miami-Dade,,
Miami Lakes,city,Miami-Dade,,
Miami Shores,city,Miami-Dade,,
Miami Springs,city,Miami-Dade,,
Miccosukee Reservation,city,Miami-Dade,,
Mitchell Lake Estates,city,Miami-Dade,,
Modello,city,Miami-Dade,,
Naranja,city,Miami-Dade,,
Norland,city,Miami-Dade,,
Normandy Shores,city,Miami-Dade,,
North Bay Village,city,Miami-Dade,,
North Miami,city,Miami-Dade,,
North Miami Beach,city,Miami-Dade,,
Ocean View Heights,city,Miami-Dade,,
Ojus,city,Miami-Dade,,
Olympia Heights,city,Miami-Dade,,
Opa-locka,city,Miami-Dade,,
Palm Springs Estates,city,Miami-Dade,,
Palm Springs North,city,Miami-Dade,,
Palmetto Bay,city,Miami-Dade,,
Palmetto Estates,city,Miami-Dade,,
Pennsuco,city,Miami-Dade,,
Perrine,city,Miami-Dade,,
Peters,city,Miami-Dade,,
Pinecrest,city,Miami-Dade,,
Pinewood,city,Miami-Dade,,
Pinewood Park,city,Miami-Dade,,
Princeton,city,Miami-Dade,,
Redland,city,Miami-Dade,,
Richmond Heights,city,Miami-Dade,,
Richmond West,city,Miami-Dade,,
Rockdale,city,Miami-Dade,,
Saga Bay,city,Miami-Dade,,
San Souci Estates,city,Miami-Dade,,
Sans Souci Estates,city,Miami-Dade,,
Scott Lake,city,Miami-Dade,,
Shenandoah,city,Miami-Dade,,
Silver Bluff Estates,city,Miami-Dade,,
Silver Palm,city,Miami-Dade,,
South Allapattah,city,Miami-Dade,,
South Bay Estates,city,Miami-Dade,,
South Miami,city,Miami-Dade,,
South Miami Heights,city,Miami-Dade,,
Sunny Isles Beach,city,Miami-Dade,,
Sunrise Harbor,city,Miami-Dade,,
Sunset,city,Miami-Dade,,
Sunset Corners,city,Miami-Dade,,
Sun-Tan Village,city,Miami-Dade,,
Surfside,city,Miami-Dade,,
Sweetwater,city,Miami-Dade,,
Tamiami,city,Miami-Dade,,
The Crossings,city,Miami-Dade,,
The Hammocks,city,Miami-Dade,,
The Pines,city,Miami-Dade,,
Three Lakes,city,Miami-Dade,,
Town Park Estates,city,Miami-Dade,,
University Park,city,Miami-Dade,,
Vanderbilt Park,city,Miami-Dade,,
Virginia Gardens,city,Miami-Dade,,
West Little River,city,Miami-Dade,,
West Miami,city,Miami-Dade,,
West Perrine,city,Miami-Dade,,
Westchester,city,Miami-Dade,,
Westview,city,Miami-Dade,,
Westwood Lakes,city,Miami-Dade,,
Anglers Park,city,Monroe,,
Bay Point,city,Monroe,,
Big Coppitt Key,city,Monroe,,
Big Pine Key,city,Monroe,,
Chatham,city,Monroe,,
Conch Key,city,Monroe,,
Cudjoe Key,city,Monroe,,
Duck Key,city,Monroe,,
Flamingo,city,Monroe,,
Fort Jefferson,city,Monroe,,
Garden Cove,city,Monroe,,
Grayvik,city,Monroe,,
Islamorada,city,Monroe,,
Key Colony Beach,city,Monroe,,
Key Largo,city,Monroe,,
Key Largo Park,city,Monroe,,
Key West,city,Monroe,,
Layton,city,Monroe,,
Marathon,city,Monroe,,
Marathon Shores,city,Monroe,,
Newport,city,Monroe,,
North Key Largo,city,Monroe,,
Perky,city,Monroe,,
Pinecrest,city,Monroe,,
Pirates Cove,city,Monroe,,
Plantation,city,Monroe,,
Plantation Key,city,Monroe,,
Rock Harbor,city,Monroe,,
Stock Island,city,Monroe,,
Sugarloaf Shores,city,Monroe,,
Summerland Key,city,Monroe,,
Sunset Point,city,Monroe,,
Tavernier,city,Monroe,,
Thompson,city,Monroe,,
Amelia City,city,Nassau,,
American Beach,city,Nassau,,
Andrews,city,Nassau,,
Becker,city,Nassau,,
Boulogne,city,Nassau,,
Bryceville,city,Nassau,,
Callahan,city,Nassau,,
Chester,city,Nassau,,
Crandall,city,Nassau,,
Crawford,city,Nassau,,
Dahoma,city,Nassau,,
Dyal,city,Nassau,,
Evergreen,city,Nassau,,
Fernandina Beach,city,Nassau,,
Franklintown,city,Nassau,,
Glenwood,city,Nassau,,
Gross,city,Nassau,,
Hedges,city,Nassau,,
Hero,city,Nassau,,
Hilliard,city,Nassau,,
Ingle,city,Nassau,,
Italia,city,Nassau,,
Keene,city,Nassau,,
Kent,city,Nassau,,
Kings Ferry,city,Nassau,,
Lessie,city,Nassau,,
Mattox,city,Nassau,,
Nassau Village,city,Nassau,,
Old Fernandina,city,Nassau,,
O’Neil,city,Nassau,,
Ratliff,city,Nassau,,
Verdie,city,Nassau,,
Yulee,city,Nassau,,
Yulee Heights,city,Nassau,,
Auburn,city,Okaloosa,,
Baker,city,Okaloosa,,
Beaver Creek,city,Okaloosa,,
Blackman,city,Okaloosa,,
Campton,city,Okaloosa,,
Cannon Town,city,Okaloosa,,
Cinco Bayou,city,Okaloosa,,
Clear Springs,city,Okaloosa,,
Crestview,city,Okaloosa,,
Deerland,city,Okaloosa,,
Destin,city,Okaloosa,,
Dorcas,city,Okaloosa,,
Eglin Air Force Base,city,Okaloosa,,
Eglin Village,city,Okaloosa,,
Escambia Farms,city,Okaloosa,,
Fort Walton Beach,city,Okaloosa,,
Galliver,city,Okaloosa,,
Garden City,city,Okaloosa,,
Garnier,city,Okaloosa,,
Good Hope,city,Okaloosa,,
Holt,city,Okaloosa,,
Kellys Mill,city,Okaloosa,,
Killingsworth Crossroads,city,Okaloosa,,
Lake Lorraine,city,Okaloosa,,
Laurel Hill,city,Okaloosa,,
Longwood,city,Okaloosa,,
Mary Esther,city,Okaloosa,,
Milligan,city,Okaloosa,,
Niceville,city,Okaloosa,,
Nubbin Ridge,city,Okaloosa,,
Oak Grove,city,Okaloosa,,
Ocean City,city,Okaloosa,,
Okaloo,city,Okaloosa,,
Peaden,city,Okaloosa,,
Postil,city,Okaloosa,,
Rock Creek,city,Okaloosa,,
Seminole,city,Okaloosa,,
Shalimar,city,Okaloosa,,
Silver Springs,city,Okaloosa,,
Svea,city,Okaloosa,,
Valparaiso,city,Okaloosa,,
Wright,city,Okaloosa,,
Wynnehaven Beach,city,Okaloosa,,
Barber Quarters,city,Okeechobee,,
Basinger,city,Okeechobee,,
Basswood Estates,city,Okeechobee,,
Cypress Quarters,city,Okeechobee,,
Dixie Ranch Acres,city,Okeechobee,,
Eagle Island,city,Okeechobee,,
Fort Drum,city,Okeechobee,,
Fort Kissimmee,city,Okeechobee,,
Hilolo,city,Okeechobee,,
Mildred,city,Okeechobee,,
Okeechobee,city,Okeechobee,,
Osowaw Junction,city,Okeechobee,,
Sherman,city,Okeechobee,,
Taylor Creek,city,Okeechobee,,
Whispering Pines,city,Okeechobee,,
Alafaya,city,Orange,,
Aloma,city,Orange,,
Apopka,city,Orange,,
Azalea Park,city,Orange,,
Bay Hill,city,Orange,,
Bay Lake,city,Orange,,
Bay Ridge,city,Orange,,
Belle Isle,city,Orange,,
Beulah,city,Orange,,
Bithlo,city,Orange,,
Christmas,city,Orange,,
Clarcona,city,Orange,,
Conway,city,Orange,,
Crown Point,city,Orange,,
Doctor Phillips,city,Orange,,
Eatonville,city,Orange,,
Edgewood,city,Orange,,
Fairview Shores,city,Orange,,
Fairvilla,city,Orange,,
Flamingo,city,Orange,,
Fullers,city,Orange,,
Goldenrod,city,Orange,,
Gotha,city,Orange,,
Harlem Heights,city,Orange,,
Holden Heights,city,Orange,,
Horizon West,city,Orange,,
Hunters Creek,city,Orange,,
Killarney,city,Orange,,
Lake Buena Vista,city,Orange,,
Lake Butter,city,Orange,,
Lake Cain Hills,city,Orange,,
Lake Hart,city,Orange,,
Lake Mary Jane,city,Orange,,
Lockhart,city,Orange,,
Maitland,city,Orange,,
Meadow Woods,city,Orange,,
Morningside Park,city,Orange,,
Oak Ridge,city,Orange,,
Oakland,city,Orange,,
Ocoee,city,Orange,,
Orlando,city,Orange,,
Orlovista,city,Orange,,
Paradise Heights,city,Orange,,
Piedmont,city,Orange,,
Pine Castle,city,Orange,,
Pine Hills,city,Orange,,
Plymouth,city,Orange,,
Rio Pinar,city,Orange,,
Riverside Acres,city,Orange,,
Rosemont,city,Orange,,
Sky Lake,city,Orange,,
South Apopka,city,Orange,,
Southchase,city,Orange,,
Summerport Beach,city,Orange,,
Taft,city,Orange,,
Tangelo Park,city,Orange,,
Tangerine,city,Orange,,
Tildenville,city,Orange,,
Union Park,city,Orange,,
University,city,Orange,,
Vineland,city,Orange,,
Wedgefield,city,Orange,,
Williamsburg,city,Orange,,
Windermere,city,Orange,,
Winter Garden,city,Orange,,
Winter Park,city,Orange,,
Zellwood,city,Orange,,
Ashton,city,Osceola,,
Buenaventura Lakes,city,Osceola,,
Campbell,city,Osceola,,
Celebration,city,Osceola,,
Harmony,city,Osceola,,
Holopaw,city,Osceola,,
Intercession City,city,Osceola,,
Kenansville,city,Osceola,,
Kissimmee,city,Osceola,,
Lake Marian Highlands,city,Osceola,,
Lokosee,city,Osceola,,
Narcoosee,city,Osceola,,
New Eden,city,Osceola,,
Pine Grove,city,Osceola,,
Poinciana,city,Osceola,,
Poinciana Place,city,Osceola,,
Reunion,city,Osceola,,
Runnymede,city,Osceola,,
Saint Cloud,city,Osceola,,
South Port,city,Osceola,,
Whittier,city,Osceola,,
Yeehaw Junction,city,Osceola,,
Aberdeen,city,Palm Beach,,
Acacia Village,city,Palm Beach,,
Atlantis,city,Palm Beach,,
Bean City,city,Palm Beach,,
Bel Marra,city,Palm Beach,,
Belle Glade,city,Palm Beach,,
Belle Glade Camp,city,Palm Beach,,
Belvedere Homes,city,Palm Beach,,
Blue Inlet,city,Palm Beach,,
Boca Del Mar,city,Palm Beach,,
Boca Harbour,city,Palm Beach,,
Boca Pointe,city,Palm Beach,,
Boca Raton,city,Palm Beach,,
Boca West,city,Palm Beach,,
Boynton Beach,city,Palm Beach,,
Briny Breezes,city,Palm Beach,,
Bryant,city,Palm Beach,,
Cabana Colony,city,Palm Beach,,
Canal Point,city,Palm Beach,,
Cardwell,city,Palm Beach,,
Caribbean Key,city,Palm Beach,,
Century Village,city,Palm Beach,,
Chapel Hill,city,Palm Beach,,
Cloud Lake,city,Palm Beach,,
Country Club Trail,city,Palm Beach,,
County Club Acres,city,Palm Beach,,
Cypress Lakes,city,Palm Beach,,
Dahlberg,city,Palm Beach,,
Deem City,city,Palm Beach,,
Delray Beach,city,Palm Beach,,
Delray Gardens,city,Palm Beach,,
Delray Shores,city,Palm Beach,,
Delta,city,Palm Beach,,
Dunes Road,city,Palm Beach,,
Floresta,city,Palm Beach,,
Franwood Pines,city,Palm Beach,,
Fremd Village,city,Palm Beach,,
Glen Ridge,city,Palm Beach,,
Golden Lakes,city,Palm Beach,,
Golf,city,Palm Beach,,
Golfview,city,Palm Beach,,
Greenacres,city,Palm Beach,,
Gulf Stream,city,Palm Beach,,
Gun Club Estates,city,Palm Beach,,
Hamptons at Boca Raton,city,Palm Beach,,
Harbor East,city,Palm Beach,,
Haverhill,city,Palm Beach,,
High Point,city,Palm Beach,,
Highland Beach,city,Palm Beach,,
Hypoluxo,city,Palm Beach,,
Juno Beach,city,Palm Beach,,
Juno Ridge,city,Palm Beach,,
Jupiter,city,Palm Beach,,
Jupiter Farms,city,Palm Beach,,
Jupiter Inlet Beach Colony,city,Palm Beach,,
Jupiter Inlet Colony,city,Palm Beach,,
Keela,city,Palm Beach,,
Kenwood Estates,city,Palm Beach,,
Kings Point,city,Palm Beach,,
Kingsland,city,Palm Beach,,
Lake Belvedere Estates,city,Palm Beach,,
Lake Clarke Shores,city,Palm Beach,,
Lake Harbor,city,Palm Beach,,
Lake Park,city,Palm Beach,,
Lake Rogers Isle,city,Palm Beach,,
Lake Worth,city,Palm Beach,,
Lakeside Green,city,Palm Beach,,
Lakewood Gardens,city,Palm Beach,,
Lantana,city,Palm Beach,,
Limestone Creek,city,Palm Beach,,
Loxahatchee Groves,city,Palm Beach,,
Manalapan,city,Palm Beach,,
Mangonia Park,city,Palm Beach,,
Military Park,city,Palm Beach,,
Mission Bay,city,Palm Beach,,
Monet,city,Palm Beach,,
Mott,city,Palm Beach,,
Ninemile Bend,city,Palm Beach,,
North Palm Beach,city,Palm Beach,,
Ocean Ridge,city,Palm Beach,,
Okeelanta,city,Palm Beach,,
Oriole,city,Palm Beach,,
Padgett Island,city,Palm Beach,,
Pahokee,city,Palm Beach,,
Palm Beach,city,Palm Beach,,
Palm Beach Farms,city,Palm Beach,,
Palm Beach Gardens,city,Palm Beach,,
Palm Beach Lakes,city,Palm Beach,,
Palm Beach Shores,city,Palm Beach,,
Palm Springs,city,Palm Beach,,
Paradise Palms,city,Palm Beach,,
Pelican Lake,city,Palm Beach,,
Pine Air,city,Palm Beach,,
Plantation Mobile Home Park,city,Palm Beach,,
Rainbow Homes,city,Palm Beach,,
Rainbow Lakes,city,Palm Beach,,
Riviera Beach,city,Palm Beach,,
Rood,city,Palm Beach,,
Royal Oak Hills,city,Palm Beach,,
Royal Palm Beach,city,Palm Beach,,
Royal Palm Estates,city,Palm Beach,,
Runyon,city,Palm Beach,,
San Castle,city,Palm Beach,,
Sand Cut,city,Palm Beach,,
Sandalfoot Cove,city,Palm Beach,,
Schall Circle,city,Palm Beach,,
Seminole Manor,city,Palm Beach,,
Shawano,city,Palm Beach,,
Sherwood Park,city,Palm Beach,,
Sixmile Bend,city,Palm Beach,,
South Bay,city,Palm Beach,,
South Palm Beach,city,Palm Beach,,
Stacey Street,city,Palm Beach,,
Sun Valley,city,Palm Beach,,
Tequesta,city,Palm Beach,,
Terrytown,city,Palm Beach,,
The Acreage,city,Palm Beach,,
Tropic Isle,city,Palm Beach,,
Twentymile Bend,city,Palm Beach,,
University Park,city,Palm Beach,,
Vaughn,city,Palm Beach,,
Watergate,city,Palm Beach,,
Watson,city,Palm Beach,,
Wellington,city,Palm Beach,,
West Gate,city,Palm Beach,,
West Jupiter,city,Palm Beach,,
West Palm Beach,city,Palm Beach,,
West Palm Beach Farms,city,Palm Beach,,
Whisper Walk,city,Palm Beach,,
Yamato,city,Palm Beach,,
Anclote,city,Pasco,,
Aripeka,city,Pasco,,
Bayonet Point,city,Pasco,,
Beacon Lakes,city,Pasco,,
Beacon Square,city,Pasco,,
Blanton,city,Pasco,,
Branchborough,city,Pasco,,
Clay Sink,city,Pasco,,
Clinton Heights,city,Pasco,,
Connorston,city,Pasco,,
Crystal Springs,city,Pasco,,
Cunningham Estates,city,Pasco,,
Dade City,city,Pasco,,
Dade City North,city,Pasco,,
Darby,city,Pasco,,
Drexel,city,Pasco,,
Dupree Gardens,city,Pasco,,
East Shady Hills,city,Pasco,,
Ehren,city,Pasco,,
Elfers,city,Pasco,,
Ellerslie,city,Pasco,,
Forest Hills,city,Pasco,,
Fort King Acres,city,Pasco,,
Greenfield,city,Pasco,,
Gulf Harbors,city,Pasco,,
Gulf Pine,city,Pasco,,
Heritage Pines,city,Pasco,,
Holiday,city,Pasco,,
Hudson,city,Pasco,,
Jasmine Estates,city,Pasco,,
Jessamine,city,Pasco,,
Key Vista,city,Pasco,,
Lacoochee,city,Pasco,,
Lake Pasadena Heights,city,Pasco,,
Land O' Lakes,city,Pasco,,
Loyce,city,Pasco,,
Lumberton,city,Pasco,,
Meadow Oaks,city,Pasco,,
Moon Lake,city,Pasco,,
Moss Town,city,Pasco,,
New Port Richey,city,Pasco,,
North Wesley Chapel,city,Pasco,,
Odessa,city,Pasco,,
Orange Grove Villas,city,Pasco,,
Pasadena Hills,city,Pasco,,
Pasadena Shores,city,Pasco,,
Pasco,city,Pasco,,
Port Lonesome,city,Pasco,,
Port Richey,city,Pasco,,
Quail Ridge,city,Pasco,,
River Ridge,city,Pasco,,
Riverdale,city,Pasco,,
Saint Joseph,city,Pasco,,
Saint Leo,city,Pasco,,
San Antonio,city,Pasco,,
Seven Springs,city,Pasco,,
Shady Hills,city,Pasco,,
South Clinton Heights,city,Pasco,,
South Wesley Chapel,city,Pasco,,
Sturkey,city,Pasco,,
Tommytown,city,Pasco,,
Trilby,city,Pasco,,
Trilcoochee,city,Pasco,,
Trinity,city,Pasco,,
Vitis,city,Pasco,,
Wesley Chapel,city,Pasco,,
Wesley Chapel South,city,Pasco,,
West Shady Hills,city,Pasco,,
Zephyrhills,city,Pasco,,
Zephyrhills North,city,Pasco,,
Zephyrhills South,city,Pasco,,
Zephyrhills West,city,Pasco,,
Anona,city,Pinellas,,
Bardmoor,city,Pinellas,,
Baskin,city,Pinellas,,
Bay Pines,city,Pinellas,,
Bayview,city,Pinellas,,
Belleair,city,Pinellas,,
Belleair Beach,city,Pinellas,,
Belleair Bluffs,city,Pinellas,,
Belleair Shore,city,Pinellas,,
Boca Ciega,city,Pinellas,,
Bridgeport,city,Pinellas,,
Clearwater,city,Pinellas,,
Clearwater Beach,city,Pinellas,,
Coachman,city,Pinellas,,
Cross Bayou,city,Pinellas,,
Crystal Beach,city,Pinellas,,
Curlew,city,Pinellas,,
Dellwood,city,Pinellas,,
Dunedin,city,Pinellas,,
Dunedin Isles,city,Pinellas,,
East Lake,city,Pinellas,,
Feather Sound,city,Pinellas,,
Fort De Soto,city,Pinellas,,
Four Corners,city,Pinellas,,
Gandy,city,Pinellas,,
Greenbriar,city,Pinellas,,
Gulfport,city,Pinellas,,
Habor Bluffs,city,Pinellas,,
Harbor Bluffs,city,Pinellas,,
Harbor Palms,city,Pinellas,,
High Point,city,Pinellas,,
Indian Rocks Beach,city,Pinellas,,
Indian Shores,city,Pinellas,,
Innisbrook,city,Pinellas,,
Kenneth City,city,Pinellas,,
Largo,city,Pinellas,,
Lealman,city,Pinellas,,
Madeira Beach,city,Pinellas,,
Mitchell Beach,city,Pinellas,,
North Redington Beach,city,Pinellas,,
Oldsmar,city,Pinellas,,
Ozona,city,Pinellas,,
Palm Harbor,city,Pinellas,,
Pasadena,city,Pinellas,,
Pinellas Park,city,Pinellas,,
Redington Beach,city,Pinellas,,
Redington Shores,city,Pinellas,,
Ridgecrest,city,Pinellas,,
Safety Harbor,city,Pinellas,,
Saint George,city,Pinellas,,
Saint Pete Beach,city,Pinellas,,
Saint Petersburg,city,Pinellas,,
Seminole,city,Pinellas,,
Shore Acres,city,Pinellas,,
South Highpoint,city,Pinellas,,
South Pasadena,city,Pinellas,,
Sunset Beach,city,Pinellas,,
Sunshine Beach,city,Pinellas,,
Tarpon Springs,city,Pinellas,,
The Jungle,city,Pinellas,,
Tierra Verde,city,Pinellas,,
Treasure Island,city,Pinellas,,
Ulmerton,city,Pinellas,,
Victor,city,Pinellas,,
Wall Springs,city,Pinellas,,
Walsingham,city,Pinellas,,
Achan,city,Polk,,
Agricola,city,Polk,,
Alcoma,city,Polk,,
Alturas,city,Polk,,
Auburndale,city,Polk,,
Babson Park,city,Polk,,
Baird,city,Polk,,
Bartow,city,Polk,,
Bereah,city,Polk,,
Berry,city,Polk,,
Bonnie,city,Polk,,
Bradley Junction,city,Polk,,
Brewster,city,Polk,,
Carters Corner,city,Polk,,
Citrus Ridge,city,Polk,,
Combee Settlement,city,Polk,,
Connersville,city,Polk,,
Crooked Lake Park,city,Polk,,
Crystal Lake,city,Polk,,
Cypress Gardens,city,Polk,,
Davenport,city,Polk,,
Dundee,city,Polk,,
Eagle Lake,city,Polk,,
East Mulberry,city,Polk,,
Eastwood,city,Polk,,
Eaton Park,city,Polk,,
Eloise,city,Polk,,
Eloise Woods,city,Polk,,
Eva,city,Polk,,
Ewell,city,Polk,,
Fedhaven,city,Polk,,
Florence Villa,city,Polk,,
Floritan,city,Polk,,
Fort Meade,city,Polk,,
Fountain Heights,city,Polk,,
Fox Town,city,Polk,,
Frostproof,city,Polk,,
Fuller Heights,city,Polk,,
Fussels Corner,city,Polk,,
Galloway,city,Polk,,
Gibsonia,city,Polk,,
Gordonville,city,Polk,,
Green Bay,city,Polk,,
Grenelefe,city,Polk,,
Griffin,city,Polk,,
Haines City,city,Polk,,
Hesperides,city,Polk,,
Highland City,city,Polk,,
Highland Park,city,Polk,,
Highland Park,city,Polk,,
Hillcrest Heights,city,Polk,,
Holiday Manor,city,Polk,,
Homeland,city,Polk,,
Indian Lake Estates,city,Polk,,
Inwood,city,Polk,,
Jan Phyl Village,city,Polk,,
Jones Corner,city,Polk,,
Kathleen,city,Polk,,
Kingsford,city,Polk,,
Kossuthville,city,Polk,,
Lake Alfred,city,Polk,,
Lake Garfield,city,Polk,,
Lake Hamilton,city,Polk,,
Lake of the Hills,city,Polk,,
Lake Shipp Heights,city,Polk,,
Lake Wales,city,Polk,,
Lakeland,city,Polk,,
Lakeland Highlands,city,Polk,,
Loughman,city,Polk,,
Lucerne Park,city,Polk,,
Lynchburg,city,Polk,,
Maxcy Quarters,city,Polk,,
Medulla,city,Polk,,
Mountain Lake Station,city,Polk,,
Mulberry,city,Polk,,
Nalcrest,city,Polk,,
Neilson,city,Polk,,
Nichols,city,Polk,,
Oak Terrace,city,Polk,,
Orangedale,city,Polk,,
Pebbledale,city,Polk,,
Pembroke,city,Polk,,
Pierce,city,Polk,,
Pine Dale,city,Polk,,
Pittsburg,city,Polk,,
Poinsettia Park,city,Polk,,
Polk City,city,Polk,,
Poyner,city,Polk,,
Prairie Junction,city,Polk,,
Providence,city,Polk,,
Ridgewood,city,Polk,,
Rock Ridge,city,Polk,,
Rolling Hills,city,Polk,,
Roux Quarters,city,Polk,,
Royster,city,Polk,,
Socrum,city,Polk,,
South Mulberry,city,Polk,,
Tancrede,city,Polk,,
Tiger Bay,city,Polk,,
Tranquility Park,city,Polk,,
Wahneta,city,Polk,,
Waverly,city,Polk,,
West Lake Wales,city,Polk,,
West Scenic Park,city,Polk,,
Willow Oak,city,Polk,,
Winston,city,Polk,,
Winter Haven,city,Polk,,
Withla,city,Polk,,
Wolfolk,city,Polk,,
Bardin,city,Putnam,,
Baywood,city,Putnam,,
Bostwick,city,Putnam,,
Bridgeport,city,Putnam,,
Buffalo Bluff,city,Putnam,,
Carraway,city,Putnam,,
Crescent City,city,Putnam,,
Crescent City Station,city,Putnam,,
Crossley,city,Putnam,,
Cypress Point,city,Putnam,,
Denver,city,Putnam,,
East Palatka,city,Putnam,,
Edgar,city,Putnam,,
Federal Point,city,Putnam,,
Florahome,city,Putnam,,
Fort Gates,city,Putnam,,
Francis,city,Putnam,,
Fruitland,city,Putnam,,
Georgetown,city,Putnam,,
Grandin,city,Putnam,,
Grandview,city,Putnam,,
Hammond,city,Putnam,,
Hollister,city,Putnam,,
Hunter,city,Putnam,,
Huntington,city,Putnam,,
Interlachen,city,Putnam,,
Johnson,city,Putnam,,
Keuka,city,Putnam,,
Lake Como,city,Putnam,,
Lands End Ranch,city,Putnam,,
Lundy,city,Putnam,,
Mannville,city,Putnam,,
McMeekin,city,Putnam,,
Melrose,city,Putnam,,
Mount Royal,city,Putnam,,
Nashua,city,Putnam,,
Norwalk,city,Putnam,,
Orange Mills,city,Putnam,,
Palatka,city,Putnam,,
Patersonville,city,Putnam,,
Pecan,city,Putnam,,
Peniel,city,Putnam,,
Pomona Park,city,Putnam,,
Putnam Hall,city,Putnam,,
Rice Creek,city,Putnam,,
Rodman,city,Putnam,,
San Mateo,city,Putnam,,
Saratoga,city,Putnam,,
Satsuma,city,Putnam,,
Sisco,city,Putnam,,
Springside,city,Putnam,,
Welaka,city,Putnam,,
Anastasia,city,Saint Johns,,
Araguey,city,Saint Johns,,
Armstrong,city,Saint Johns,,
Bakersville,city,Saint Johns,,
Blacks Ford,city,Saint Johns,,
Butler Beach,city,Saint Johns,,
Byrd,city,Saint Johns,,
Casa Cola,city,Saint Johns,,
College Park,city,Saint Johns,,
Coquina Gables,city,Saint Johns,,
Crescent Beach,city,Saint Johns,,
Davis Shores,city,Saint Johns,,
Dupont Center,city,Saint Johns,,
Durbin,city,Saint Johns,,
Elkton,city,Saint Johns,,
Elwood,city,Saint Johns,,
Fort Matanzas,city,Saint Johns,,
Fruit Cove,city,Saint Johns,,
Gopher Ridge,city,Saint Johns,,
Hastings,city,Saint Johns,,
Hilden,city,Saint Johns,,
Meldrim Park,city,Saint Johns,,
Molasses Junction,city,Saint Johns,,
Moultrie,city,Saint Johns,,
Moultrie Junction,city,Saint Johns,,
Orangedale,city,Saint Johns,,
Palm Valley,city,Saint Johns,,
Palm Valley Landing,city,Saint Johns,,
Palmo,city,Saint Johns,,
Picolata,city,Saint Johns,,
Pine Bluff,city,Saint Johns,,
Ponte Vedra,city,Saint Johns,,
Ponte Vedra Beach,city,Saint Johns,,
Riverdale,city,Saint Johns,,
Saint Augustine,city,Saint Johns,,
Saint Augustine Beach,city,Saint Johns,,
Saint Augustine Shores,city,Saint Johns,,
Sampson,city,Saint Johns,,
Sawgrass,city,Saint Johns,,
South Ponte Vedra Beach,city,Saint Johns,,
Spuds,city,Saint Johns,,
Summer Haven,city,Saint Johns,,
Switzerland,city,Saint Johns,,
Tocoi,city,Saint Johns,,
Twentymile,city,Saint Johns,,
Usina Beach,city,Saint Johns,,
Vermont Heights,city,Saint Johns,,
Vilano Beach,city,Saint Johns,,
Villano Beach,city,Saint Johns,,
Whites Ford,city,Saint Johns,,
Yelvington,city,Saint Johns,,
Ankona,city,Saint Lucie,,
Cana,city,Saint Lucie,,
Carlton,city,Saint Lucie,,
Collins Park Estates,city,Saint Lucie,,
Eden,city,Saint Lucie,,
Eldred,city,Saint Lucie,,
Fort Pierce,city,Saint Lucie,,
Fort Pierce Reservation,city,Saint Lucie,,
Glidden Park,city,Saint Lucie,,
Indian River Estates,city,Saint Lucie,,
Indrio,city,Saint Lucie,,
Lakewood Park,city,Saint Lucie,,
Paradise Park,city,Saint Lucie,,
Port Saint Lucie,city,Saint Lucie,,
Queens Cove,city,Saint Lucie,,
River Park,city,Saint Lucie,,
Saint Lucie,city,Saint Lucie,,
Sunland Gardens,city,Saint Lucie,,
Viking,city,Saint Lucie,,
Walton,city,Saint Lucie,,
Waveland,city,Saint Lucie,,
White City,city,Saint Lucie,,
Allentown,city,Santa Rosa,,
Avalon,city,Santa Rosa,,
Avalon Beach,city,Santa Rosa,,
Avalon Mulat,city,Santa Rosa,,
Bagdad,city,Santa Rosa,,
Belandville,city,Santa Rosa,,
Berrydale,city,Santa Rosa,,
Brownsdale,city,Santa Rosa,,
Broxson,city,Santa Rosa,,
Chumuckla,city,Santa Rosa,,
Chumuckla Springs,city,Santa Rosa,,
Cobbtown,city,Santa Rosa,,
Dixonville,city,Santa Rosa,,
East Milton,city,Santa Rosa,,
Fidelis,city,Santa Rosa,,
Floridale,city,Santa Rosa,,
Floridatown,city,Santa Rosa,,
Galt City,city,Santa Rosa,,
Garcon Point,city,Santa Rosa,,
Gulf Breeze,city,Santa Rosa,,
Harold,city,Santa Rosa,,
Harp,city,Santa Rosa,,
Harper,city,Santa Rosa,,
Holley,city,Santa Rosa,,
Indian Ford,city,Santa Rosa,,
Jay,city,Santa Rosa,,
McLellen,city,Santa Rosa,,
Midway,city,Santa Rosa,,
Milton,city,Santa Rosa,,
Mineral Springs,city,Santa Rosa,,
Mount Carmel,city,Santa Rosa,,
Muddy Ford,city,Santa Rosa,,
Mulat,city,Santa Rosa,,
Munson,city,Santa Rosa,,
Navarre,city,Santa Rosa,,
New York,city,Santa Rosa,,
Oriole Beach,city,Santa Rosa,,
Pace,city,Santa Rosa,,
Parkerville,city,Santa Rosa,,
Pea Ridge,city,Santa Rosa,,
Pine Bluff,city,Santa Rosa,,
Pine Level,city,Santa Rosa,,
Point Baker,city,Santa Rosa,,
Roeville,city,Santa Rosa,,
Sellersville,city,Santa Rosa,,
Spring Hill,city,Santa Rosa,,
Tiger Point,city,Santa Rosa,,
Wallace,city,Santa Rosa,,
Ward Basin,city,Santa Rosa,,
Whitfield,city,Santa Rosa,,
Woodlawn Beach,city,Santa Rosa,,
Bee Ridge,city,Sarasota,,
Beverley Terrace,city,Sarasota,,
Desoto Lakes,city,Sarasota,,
Eastgate,city,Sarasota,,
Englewood,city,Sarasota,,
Fordville,city,Sarasota,,
Fruitville,city,Sarasota,,
Gulf Gate Estates,city,Sarasota,,
Hidden River,city,Sarasota,,
Honore,city,Sarasota,,
Kensington Park,city,Sarasota,,
Lake Sarasota,city,Sarasota,,
Laurel,city,Sarasota,,
Longboat Key,city,Sarasota,,
Manasota,city,Sarasota,,
Manasota Beach,city,Sarasota,,
Nokomis,city,Sarasota,,
Nokomis Beach,city,Sarasota,,
North Port,city,Sarasota,,
North Sarasota,city,Sarasota,,
Old Myakka,city,Sarasota,,
Osprey,city,Sarasota,,
Pinecraft,city,Sarasota,,
Plantation,city,Sarasota,,
Point O’Rocks,city,Sarasota,,
Ridge Wood Heights,city,Sarasota,,
Sarasota,city,Sarasota,,
Sarasota Heights,city,Sarasota,,
Sarasota Springs,city,Sarasota,,
Shiney Town,city,Sarasota,,
Siesta Key,city,Sarasota,,
South Gate Ridge,city,Sarasota,,
South Sarasota,city,Sarasota,,
South Trail,city,Sarasota,,
South Venice,city,Sarasota,,
Southgate,city,Sarasota,,
Sunnyland,city,Sarasota,,
Tarpon Point,city,Sarasota,,
Tatum,city,Sarasota,,
The Meadows,city,Sarasota,,
Utopia,city,Sarasota,,
Vamo,city,Sarasota,,
Venice,city,Sarasota,,
Venice Beach,city,Sarasota,,
Venice East,city,Sarasota,,
Venice Gardens,city,Sarasota,,
Venice Groves,city,Sarasota,,
Warm Mineral Springs,city,Sarasota,,
White Beach,city,Sarasota,,
Woodmere,city,Sarasota,,
Alderene Park,city,Seminole,,
Altamonte Springs,city,Seminole,,
Astor Farms,city,Seminole,,
Beck Hammock,city,Seminole,,
Bel-Air,city,Seminole,,
Bertha,city,Seminole,,
Black Hammock,city,Seminole,,
Bookertown,city,Seminole,,
Cameron City,city,Seminole,,
Canaan,city,Seminole,,
Casselberry,city,Seminole,,
Chuluota,city,Seminole,,
Dreamworld,city,Seminole,,
Elder Springs,city,Seminole,,
Fairlane Estates,city,Seminole,,
Fern Park,city,Seminole,,
Forest City,city,Seminole,,
Gabriella,city,Seminole,,
Geigers Landing,city,Seminole,,
Geneva,city,Seminole,,
Goldenrod,city,Seminole,,
Greenbriar,city,Seminole,,
Heathrow,city,Seminole,,
Highland Park,city,Seminole,,
Indian Mound Village,city,Seminole,,
Jamestown,city,Seminole,,
Jones Landing,city,Seminole,,
Lake Charm,city,Seminole,,
Lake Mary,city,Seminole,,
Lake Monroe,city,Seminole,,
Lock Arbor,city,Seminole,,
Longdale,city,Seminole,,
Longwood,city,Seminole,,
Midway,city,Seminole,,
Mullet Lake Park,city,Seminole,,
Neheb,city,Seminole,,
New Upsala,city,Seminole,,
Orienta Gardens,city,Seminole,,
Osceola,city,Seminole,,
Oviedo,city,Seminole,,
Palm Shadows,city,Seminole,,
Paola,city,Seminole,,
Pinecrest,city,Seminole,,
Ravenna Park,city,Seminole,,
Saint Johns River Estates,city,Seminole,,
Saint Josephs,city,Seminole,,
Sanford,city,Seminole,,
Sanford Farms,city,Seminole,,
Sanlando Springs,city,Seminole,,
Sanlanta,city,Seminole,,
Slavia,city,Seminole,,
Snow Hill,city,Seminole,,
Sylvan Lake,city,Seminole,,
Wagner,city,Seminole,,
Weathersfield,city,Seminole,,
Wekiva Springs,city,Seminole,,
Wekiwa Springs,city,Seminole,,
Whethersfield,city,Seminole,,
Whites Landing,city,Seminole,,
Winter Springs,city,Seminole,,
Woodruff Springs,city,Seminole,,
Wynwood,city,Seminole,,
Hutchinson Island South,city,Saint Lucie,,
Adamsville,city,Sumter,,
Bamboo,city,Sumter,,
Bay Hill,city,Sumter,,
Bevilles Corner,city,Sumter,,
Bushnell,city,Sumter,,
Carlson,city,Sumter,,
Center Hill,city,Sumter,,
Cherry Lake,city,Sumter,,
Coleman,city,Sumter,,
Croom-A-Coochie,city,Sumter,,
Cumpressco,city,Sumter,,
Lake Panasoffkee,city,Sumter,,
Lincoln Park,city,Sumter,,
Linden,city,Sumter,,
Long Hammock,city,Sumter,,
Mabel,city,Sumter,,
Moreland Park,city,Sumter,,
Oak Grove,city,Sumter,,
Orange Home,city,Sumter,,
Oxford,city,Sumter,,
Panacoochee Retreats,city,Sumter,,
Royal,city,Sumter,,
Rutland,city,Sumter,,
Saint Catherine,city,Sumter,,
Sumterville,city,Sumter,,
Tarrytown,city,Sumter,,
The Villages,city,Sumter,,
Wahoo,city,Sumter,,
Webster,city,Sumter,,
Wildwood,city,Sumter,,
Beachville,city,Suwannee,,
Branford,city,Suwannee,,
Dell,city,Suwannee,,
Dickert,city,Suwannee,,
Dowling Park,city,Suwannee,,
Ellaville,city,Suwannee,,
Falmouth,city,Suwannee,,
Fort Union,city,Suwannee,,
Hildreth,city,Suwannee,,
Houston,city,Suwannee,,
Lancaster,city,Suwannee,,
Live Oak,city,Suwannee,,
Luraville,city,Suwannee,,
McAlpin,city,Suwannee,,
Mercer,city,Suwannee,,
Newburn,city,Suwannee,,
O’Brien,city,Suwannee,,
Padlock,city,Suwannee,,
Pine Mount,city,Suwannee,,
Rixford,city,Suwannee,,
Sandy Point,city,Suwannee,,
Slade,city,Suwannee,,
Starr,city,Suwannee,,
Suwannee,city,Suwannee,,
Suwannee Springs,city,Suwannee,,
Wellborn,city,Suwannee,,
Athena,city,Taylor,,
Boyd,city,Taylor,,
Bucell Junction,city,Taylor,,
Cabbage Grove,city,Taylor,,
Carbur,city,Taylor,,
Clara,city,Taylor,,
Dekle Beach,city,Taylor,,
Eridu,city,Taylor,,
Fenholloway,city,Taylor,,
Fish Creek,city,Taylor,,
Foley,city,Taylor,,
Hampton Springs,city,Taylor,,
Iddo,city,Taylor,,
Keaton Beach,city,Taylor,,
Nutall Rise,city,Taylor,,
Perry,city,Taylor,,
Pinland,city,Taylor,,
Salem,city,Taylor,,
Scanlon,city,Taylor,,
Secotan,city,Taylor,,
Shady Grove,city,Taylor,,
Steinhatchee,city,Taylor,,
Tennille,city,Taylor,,
Browns Still,city,Union,,
Cliftonville,city,Union,,
Danville,city,Union,,
Dukes,city,Union,,
Ellerbee,city,Union,,
Guilford,city,Union,,
Johnstown,city,Union,,
Lake Butler,city,Union,,
Miller,city,Union,,
Providence,city,Union,,
Raiford,city,Union,,
Worthington Springs,city,Union,,
Alamana,city,Volusia,,
Allandale,city,Volusia,,
Ariel,city,Volusia,,
Barberville,city,Volusia,,
Benson Junction,city,Volusia,,
Beresford,city,Volusia,,
Bethune Beach,city,Volusia,,
Blue Springs Landing,city,Volusia,,
Bluffton,city,Volusia,,
Cassadaga,city,Volusia,,
Connorsville,city,Volusia,,
Conrad,city,Volusia,,
Cow Creek,city,Volusia,,
Creighton,city,Volusia,,
Cypress Lake Estates,city,Volusia,,
Daisy Lake,city,Volusia,,
Daytona Beach,city,Volusia,,
Daytona Beach Shores,city,Volusia,,
Daytona Highridge Estates,city,Volusia,,
Daytona Park Estates,city,Volusia,,
De Land Highlands,city,Volusia,,
De Leon Springs,city,Volusia,,
De Leon Springs Heights,city,Volusia,,
DeBary,city,Volusia,,
DeLand,city,Volusia,,
DeLand Highlands,city,Volusia,,
Deltona,city,Volusia,,
Edgewater,city,Volusia,,
Edgewater Junction,city,Volusia,,
Eldora,city,Volusia,,
Eldridge,city,Volusia,,
Ellinor Village,city,Volusia,,
Emporia,city,Volusia,,
Enterprise,city,Volusia,,
Farmton,city,Volusia,,
Fatio,city,Volusia,,
Glencoe,city,Volusia,,
Glenwood,city,Volusia,,
Halifax Estates,city,Volusia,,
Harbor Oaks,city,Volusia,,
Holly Hill,city,Volusia,,
Hucomer,city,Volusia,,
Isleboro,city,Volusia,,
Kalamazoo,city,Volusia,,
Lake Ashby Shores,city,Volusia,,
Lake Helen,city,Volusia,,
Lemon Bluff,city,Volusia,,
Maytown,city,Volusia,,
Mission City,city,Volusia,,
Mound Grove,city,Volusia,,
National Gardens,city,Volusia,,
New Smyrna Beach,city,Volusia,,
North DeLand,city,Volusia,,
Oak Hill,city,Volusia,,
Orange City,city,Volusia,,
Orange City Hills,city,Volusia,,
Ormond Beach,city,Volusia,,
Ormond-by-the-Sea,city,Volusia,,
Ortona,city,Volusia,,
Osteen,city,Volusia,,
Pennichaw,city,Volusia,,
Pierson,city,Volusia,,
Ponce Inlet,city,Volusia,,
Ponce Park,city,Volusia,,
Port Orange,city,Volusia,,
Samsula,city,Volusia,,
Seabreeze,city,Volusia,,
Senyah,city,Volusia,,
Seville,city,Volusia,,
South Daytona,city,Volusia,,
Tomoka Estates,city,Volusia,,
Valdez,city,Volusia,,
Volusia,city,Volusia,,
West DeLand,city,Volusia,,
Wilbur-by-the-Sea,city,Volusia,,
Arran,city,Wakulla,,
Ashmore,city,Wakulla,,
Bethel,city,Wakulla,,
Buckhorn,city,Wakulla,,
Crawfordville,city,Wakulla,,
Curtis Mill,city,Wakulla,,
Hilliardville,city,Wakulla,,
Hyde Park,city,Wakulla,,
Ivan,city,Wakulla,,
Lawhons Mill,city,Wakulla,,
Live Oak Island,city,Wakulla,,
Medart,city,Wakulla,,
Newport,city,Wakulla,,
Oak Park,city,Wakulla,,
Panacea,city,Wakulla,,
Panacea Park,city,Wakulla,,
Plum Orchard,city,Wakulla,,
Port Leon,city,Wakulla,,
Saint Marks,city,Wakulla,,
Sanborn,city,Wakulla,,
Shadeville,city,Wakulla,,
Shell Island,city,Wakulla,,
Skipper,city,Wakulla,,
Smith Creek,city,Wakulla,,
Sopchoppy,city,Wakulla,,
Spring Creek,city,Wakulla,,
Surf,city,Wakulla,,
Vereen,city,Wakulla,,
Wakulla,city,Wakulla,,
Wakulla Beach,city,Wakulla,,
Wakulla Gardens,city,Wakulla,,
Wakulla Springs,city,Wakulla,,
Alpine Heights,city,Walton,,
Argyle,city,Walton,,
Battle Ground Forks,city,Walton,,
Blue Gulf Beach,city,Walton,,
Blue Mountain Beach,city,Walton,,
Bruce,city,Walton,,
Caney Creek,city,Walton,,
Choctaw,city,Walton,,
Choctaw Beach,city,Walton,,
Clear Springs,city,Walton,,
Cluster Springs,city,Walton,,
Cosson Mill,city,Walton,,
Darlington,city,Walton,,
De Funiak Springs,city,Walton,,
Douglass Crossroads,city,Walton,,
Eucheeanna,city,Walton,,
Flowersville,city,Walton,,
Fluffy Landing,city,Walton,,
Forest Highlands,city,Walton,,
Four Mile Village,city,Walton,,
Freeport,city,Walton,,
Gaskin,city,Walton,,
Glendale,city,Walton,,
Gordon,city,Walton,,
Grayton Beach,city,Walton,,
Gulf Pines,city,Walton,,
Inlet Beach,city,Walton,,
Koerber,city,Walton,,
Lakewood,city,Walton,,
Liberty,city,Walton,,
Miller Bend,city,Walton,,
Miramar Beach,city,Walton,,
Mossy Head,city,Walton,,
New Harmony,city,Walton,,
New Home,city,Walton,,
Paxton,city,Walton,,
Piney Grove,city,Walton,,
Pleasant Grove,city,Walton,,
Pleasant Ridge,city,Walton,,
Point Washington,city,Walton,,
Pond Creek,city,Walton,,
Portland,city,Walton,,
Redbay,city,Walton,,
Rock Hill,city,Walton,,
Rosemary Beach,city,Walton,,
Santa Rosa Beach,city,Walton,,
Sconiers Mill,city,Walton,,
Seagrove Beach,city,Walton,,
Steele Church,city,Walton,,
Tang-O-Mar Beach,city,Walton,,
Villa Tasso,city,Walton,,
Bells Mill,city,Washington,,
Bradford,city,Washington,,
Brock Crossroad,city,Washington,,
Caryville,city,Washington,,
Chipley,city,Washington,,
Crystal Lake,city,Washington,,
Dixonville,city,Washington,,
Ebro,city,Washington,,
Gilberts Mill,city,Washington,,
Hinsons Crossroads,city,Washington,,
Holmes Valley,city,Washington,,
Hulaw,city,Washington,,
Johnson Crossroad,city,Washington,,
Live Oak,city,Washington,,
Millers Ferry,city,Washington,,
New Hope,city,Washington,,
Poplar Head,city,Washington,,
Red Head,city,Washington,,
Sylvania,city,Washington,,
Vernon,city,Washington,,
Wausau,city,Washington,,
Whitehead Crossroads,city,Washington,,